CD_MUNICIPIO,municipio,abigail_2022,total_dep_est_2022,votos_projetados,votos_p10,votos_p90,dist_tuntum_km,pct_abigail_2022,abigail_2026
7072,Altamira do Maranhão,3,4025,0.0,0.0,1.0,178.4,0.07453416149068323,21.0
8753,Poção de Pedras,6,11397,36.0,23.0,54.0,90.3,0.052645433008686494,57.0
7137,Anajatuba,7,14807,252.0,132.0,410.0,263.1,0.04727493752954683,74.0
8737,Pirapemas,5,9365,250.0,130.0,407.0,216.7,0.053390282968499736,47.0
7110,Amarante do Maranhão,33,20458,775.0,408.0,1260.0,196.4,0.16130609052693323,114.0
9598,Paulo Ramos,6,12355,427.0,229.0,689.0,132.8,0.04856333468231485,61.0
8613,Pedreiras,22,23007,501.0,280.0,799.0,110.3,0.09562307123918808,120.0
8591,Pastos Bons,6,11283,127.0,66.0,205.0,137.1,0.053177346450412125,56.0
8044,Paulino Neves,1,11308,2.0,1.0,4.0,396.0,0.008843296781039971,54.0
8656,Peri Mirim,33,8608,100.0,52.0,164.0,338.2,0.383364312267658,58.0
7030,Alcântara,5,13322,11.0,7.0,17.0,359.0,0.03753190211679928,65.0
8087,Peritoró,6,12519,3.0,2.0,5.0,147.1,0.047927150730889045,62.0
8060,Pedro do Rosário,10,13116,2.0,1.0,2.0,297.5,0.07624275693809088,67.0
9610,Açailândia,136,60130,269.0,144.0,430.0,269.3,0.22617661732912023,354.0
7005,Água Doce do Maranhão,2,8313,1.0,0.0,1.0,422.2,0.024058703235895585,40.0
8630,Penalva,5,18914,250.0,129.0,406.0,266.8,0.026435444644178914,92.0
7013,Afonso Cunha,0,5426,3.0,2.0,5.0,228.3,0.0,26.0
8516,Palmeirândia,1,12140,50.0,26.0,81.0,324.2,0.008237232289950576,58.0
8532,Paraibano,283,10925,277.0,156.0,446.0,137.1,2.5903890160183067,199.0
8494,Paço do Lumiar,110,64006,58.0,36.0,92.0,353.9,0.1718588882292285,359.0
8575,Passagem Franca,5,10480,13.0,8.0,20.0,134.7,0.04770992366412214,52.0
8559,Parnarama,11,18916,13.0,7.0,21.0,157.1,0.05815182913935293,95.0
8419,Morros,4,12724,302.0,156.0,491.0,315.5,0.03143665513989312,62.0
8397,Montes Altos,2,5986,85.0,51.0,132.0,249.3,0.03341129301703976,29.0
8001,Nova Olinda do Maranhão,4,9841,0.0,0.0,1.0,319.4,0.0406462757849812,49.0
8028,Olinda Nova do Maranhão,1,7826,0.0,0.0,0.0,291.6,0.012777919754663941,37.0
8478,Olho d'Água das Cunhãs,2,11160,76.0,40.0,124.0,167.0,0.017921146953405017,54.0
7986,Nova Colinas,7,3551,7.0,4.0,11.0,230.9,0.19712756969867642,20.0
8435,Nina Rodrigues,1,7700,50.0,26.0,82.0,267.9,0.012987012987012988,37.0
8451,Nova Iorque,1,3069,1.0,1.0,2.0,152.2,0.03258390355164549,15.0
8311,Matões,9,19281,0.0,0.0,0.0,169.2,0.046678076863233234,96.0
7960,Milagres do Maranhão,2,4631,350.0,182.0,568.0,324.9,0.043187216583891165,23.0
7943,Matões do Norte,2,5046,0.0,0.0,0.0,210.9,0.03963535473642489,25.0
8290,Matinha,0,15312,2.0,1.0,3.0,283.5,0.0,72.0
8370,Monção,30,14832,1.0,1.0,2.0,241.4,0.2022653721682848,86.0
9695,Miranda do Norte,15,12447,76.0,39.0,123.0,230.6,0.12051096649795132,67.0
8338,Mirador,1897,12302,255.0,134.0,415.0,89.2,15.42025686880182,1043.0
8354,Mirinzal,2,8657,1.0,1.0,2.0,392.7,0.023102691463555505,42.0
8214,Loreto,13,6566,1.0,1.0,2.0,181.4,0.1979896436186415,38.0
7862,Lajeado Novo,2,4953,3.0,2.0,5.0,241.0,0.04037956793862306,24.0
7846,Lagoa Grande do Maranhão,23,7297,329.0,191.0,514.0,99.0,0.31519802658626833,46.0
7803,Lago dos Rodrigues,1,6545,5.0,3.0,7.0,113.0,0.015278838808250574,31.0
8192,Lima Campos,4,8388,21.0,11.0,33.0,123.2,0.047687172150691466,42.0
7900,Marajá do Sena,11,4681,11.0,7.0,16.0,127.0,0.2349925229651784,28.0
7889,Maracaçumé,10,10910,152.0,80.0,246.0,418.6,0.09165902841429881,57.0
8273,Mata Roma,1,12254,225.0,117.0,367.0,281.2,0.008160600620205648,58.0
7927,Maranhãozinho,4,6119,0.0,0.0,0.0,373.9,0.06537015852263442,31.0
8230,Luís Domingues,8,4469,50.0,26.0,82.0,484.1,0.17901096442157083,25.0
8257,Magalhães de Almeida,5,9572,0.0,0.0,1.0,388.2,0.05223568742164647,48.0
7781,Junco do Maranhão,4,3693,0.0,0.0,0.0,437.3,0.1083130246412131,20.0
8117,Joselândia,675,9375,197.0,114.0,316.0,65.3,7.2,395.0
7765,Jenipapo dos Vieiras,2970,9950,400.0,239.0,636.0,83.7,29.849246231155778,1589.0
7749,Jatobá,8,5187,609.0,318.0,985.0,69.1,0.1542317331791016,29.0
7722,Itinga do Maranhão,22,13789,61.0,37.0,93.0,302.4,0.15954746537094786,76.0
8095,João Lisboa,71,16781,77.0,41.0,125.0,250.7,0.4230975508015017,116.0
9717,Zé Doca,23,24547,6.0,3.0,10.0,289.5,0.09369780421232737,128.0
8150,Lago do Junco,3,6434,6.0,4.0,8.0,118.9,0.046627292508548336,32.0
7820,Lagoa do Mato,2,6121,151.0,78.0,244.0,158.0,0.032674399607907204,30.0
8176,Lago Verde,4,9297,301.0,155.0,490.0,180.2,0.04302463160159191,46.0
8133,Lago da Pedra,31,26166,764.0,400.0,1243.0,107.7,0.11847435603454864,140.0
7684,Igarapé do Meio,18,8526,0.0,0.0,0.0,218.7,0.211118930330753,50.0
7994,Icatu,5,17648,402.0,208.0,656.0,352.9,0.028331822302810516,86.0
7951,Guimarães,2,7181,0.0,0.0,0.0,383.7,0.02785127419579446,35.0
7978,Humberto de Campos,2,17602,3.0,2.0,5.0,349.7,0.011362345188046814,84.0
8036,Imperatriz,330,147348,1009.0,655.0,1489.0,302.1,0.22395960583109373,867.0
8079,Itapecuru Mirim,13,35071,127.0,66.0,207.0,256.8,0.03706766274129623,172.0
7706,Itaipava do Grajaú,2012,7831,1889.0,1219.0,2777.0,111.3,25.692759545396502,1082.0
8010,Igarapé Grande,7,6799,8.0,5.0,11.0,113.2,0.10295631710545669,36.0
7609,Governador Edison Lobão,4,11447,302.0,156.0,489.0,272.4,0.03494365335895868,56.0
9490,Viana,2,29697,100.0,52.0,163.0,277.2,0.006734687005421423,141.0
7625,Governador Luiz Rocha,5,4740,105.0,56.0,169.0,85.7,0.10548523206751055,25.0
7897,Governador Eugênio Barros,6,8356,227.0,148.0,333.0,89.4,0.07180469123982768,43.0
9458,Urbano Santos,7,19285,1.0,1.0,2.0,310.2,0.036297640653357534,95.0
7854,Gonçalves Dias,48,9613,634.0,339.0,1023.0,90.5,0.499323832310413,70.0
9474,Vargem Grande,22,24103,151.0,79.0,246.0,234.9,0.09127494502758993,125.0
7870,Governador Archer,23,6178,506.0,264.0,823.0,98.6,0.3722887665911298,41.0
9539,Vitorino Freire,5,17958,150.0,78.0,245.0,167.9,0.027842744180866467,87.0
7935,Grajaú,1568,38373,1663.0,1082.0,2436.0,126.9,4.08620644724155,995.0
9512,Vitória do Mearim,2,18357,3.0,2.0,4.0,228.3,0.01089502642043907,88.0
7919,Graça Aranha,3,4793,10.0,6.0,15.0,62.6,0.06259127894846651,24.0
8621,Vila Nova dos Martírios,1,6389,5.0,3.0,7.0,364.4,0.015651901706057285,31.0
7668,Governador Nunes Freire,2,12894,51.0,27.0,84.0,410.0,0.015511090429657206,62.0
7641,Governador Newton Bello,24,5758,0.0,0.0,0.0,272.6,0.4168113928447378,40.0
8567,Trizidela do Vale,5,13325,320.0,184.0,510.0,118.4,0.0375234521575985,65.0
9636,Estreito,14,17922,754.0,391.0,1223.0,287.8,0.07811628166499275,92.0
9377,Timon,72,96967,762.0,399.0,1234.0,211.8,0.07425206513556158,495.0
7773,Esperantinópolis,45,11048,604.0,377.0,952.0,76.0,0.4073135409123823,76.0
9393,Tuntum,129,21478,10995.0,9039.0,12810.0,0.0,0.6006145823633485,168.0
7790,Fortaleza dos Nogueiras,45,8140,151.0,78.0,245.0,204.2,0.5528255528255528,62.0
7560,Formosa da Serra Negra,1061,10472,3.0,2.0,4.0,180.5,10.131779984721161,600.0
8583,Tufilândia,9,4449,202.0,106.0,329.0,219.7,0.20229265003371544,26.0
7544,Fernando Falcão,3757,7370,810.0,525.0,1215.0,81.7,50.976933514246944,1986.0
7528,Feira Nova do Maranhão,7,5023,37.0,20.0,59.0,255.3,0.13935894883535735,27.0
9350,Timbiras,5,14824,55.0,32.0,84.0,198.6,0.03372908796546142,73.0
7757,Duque Bacelar,4,7410,0.0,0.0,0.0,267.6,0.05398110661268556,37.0
9431,Tutóia,18,30474,139.0,75.0,223.0,405.1,0.05906674542232723,153.0
7838,Godofredo Viana,14,6301,0.0,0.0,0.0,481.1,0.22218695445167433,37.0
8605,Turilândia,0,11046,4.0,2.0,7.0,392.6,0.0,52.0
9415,Turiaçu,0,21240,262.0,140.0,424.0,438.8,0.0,100.0
8486,Senador Alexandre Costa,0,6045,151.0,79.0,246.0,105.6,0.0,29.0
7811,Fortuna,5,9456,287.0,161.0,461.0,98.2,0.05287648054145516,47.0
7501,Conceição do Lago-Açu,2,8846,1.0,1.0,2.0,201.3,0.022609088853719195,43.0
8460,Satubinha,1,5453,0.0,0.0,0.0,190.3,0.018338529249954154,26.0
9270,São Vicente Ferrer,8,11728,300.0,155.0,492.0,303.4,0.06821282401091405,59.0
7676,Colinas,121,21380,399.0,225.0,633.0,99.0,0.5659494855004678,164.0
9296,Sítio Novo,317,11403,13.0,8.0,19.0,202.3,2.7799701832851005,218.0
8524,Serrano do Maranhão,0,6740,100.0,52.0,163.0,413.6,0.0,32.0
7692,Coroatá,11,33085,102.0,54.0,166.0,175.7,0.03324769533021007,162.0
8508,Senador La Rocque,8,9400,250.0,130.0,407.0,254.3,0.0851063829787234,49.0
9253,São Raimundo das Mangabeiras,793,11909,632.0,330.0,1023.0,184.8,6.65882945671341,468.0
7650,Coelho Neto,21,24750,102.0,65.0,167.0,246.1,0.08484848484848485,128.0
8400,São Pedro dos Crentes,216,3644,1.0,0.0,1.0,256.7,5.92755214050494,129.0
8443,São Roberto,43,3571,78.0,50.0,114.0,67.3,1.2041444973396807,39.0
8427,São Raimundo do Doca Bezerra,1844,3945,183.0,110.0,281.0,64.9,46.742712294043095,976.0
9334,Tasso Fragoso,51,5528,0.0,0.0,0.0,321.9,0.9225759768451519,53.0
7730,Dom Pedro,602,13932,1009.0,525.0,1638.0,81.9,4.320987654320987,378.0
8540,Sucupira do Riachão,1,3433,18.0,10.0,29.0,175.0,0.029129041654529567,17.0
7242,Davinópolis,14,9040,15.0,10.0,22.0,273.2,0.15486725663716813,50.0
9318,Sucupira do Norte,149,6714,14.0,9.0,21.0,116.0,2.2192433720583855,109.0
7714,Cururupu,4,19713,3.0,2.0,5.0,428.5,0.020291178410186173,95.0
8893,São José de Ribamar,135,95232,392.0,224.0,628.0,345.0,0.14175907258064516,519.0
7579,Caxias,73,86856,17.0,11.0,25.0,189.7,0.08404715851524362,448.0
9210,São Luís,1547,631910,735.0,475.0,1085.0,336.0,0.2448133436723584,3785.0
7595,Cedral,6,6765,4.0,3.0,7.0,404.3,0.08869179600886919,35.0
8362,São José dos Basílios,19,4973,35.0,21.0,54.0,73.3,0.38206314096119043,33.0
9199,São João dos Patos,9,15223,773.0,406.0,1246.0,171.4,0.05912106680680549,77.0
7552,Carutapera,84,14141,100.0,52.0,164.0,485.8,0.5940173962237466,110.0
8346,São João do Soter,2,10519,110.0,61.0,176.0,137.2,0.01901321418385778,51.0
8320,São João do Paraíso,9,6716,6.0,4.0,9.0,245.3,0.13400833829660513,36.0
7480,Cidelândia,9,8515,6.0,4.0,9.0,332.7,0.10569583088667057,45.0
8389,São Pedro da Água Branca,1,7072,1.0,1.0,2.0,389.8,0.01414027149321267,34.0
9237,São Mateus do Maranhão,499,21128,3.0,2.0,5.0,183.7,2.3617947747065506,359.0
7633,Codó,23,58215,104.0,55.0,167.0,150.1,0.03950871768444559,287.0
7463,Centro Novo do Maranhão,4,9262,0.0,0.0,1.0,334.2,0.043187216583891165,46.0
7447,Centro do Guilherme,2,5824,0.0,0.0,0.0,381.1,0.034340659340659344,29.0
7420,Central do Maranhão,0,5478,0.0,0.0,0.0,372.1,0.0,26.0
8052,São Luís Gonzaga do Maranhão,3,12832,255.0,133.0,414.0,140.7,0.023379052369077308,62.0
7617,Chapadinha,7,44423,295.0,190.0,482.0,257.3,0.015757603043468474,213.0
9113,São Domingos do Maranhão,66,21641,1011.0,535.0,1640.0,59.9,0.3049766646642946,136.0
7471,Cajari,0,12039,0.0,0.0,0.0,245.2,0.0,57.0
7382,Campestre do Maranhão,10,7452,2.0,1.0,3.0,271.5,0.13419216317767044,40.0
7226,Cachoeira Grande,0,6515,1.0,1.0,2.0,298.8,0.0,31.0
7366,Buritirana,31,8906,126.0,66.0,206.0,247.9,0.34807994610375026,58.0
8265,São Domingos do Azeitão,5,5190,3.0,2.0,5.0,141.9,0.09633911368015415,27.0
9091,São Bernardo,1,16706,119.0,67.0,188.0,373.4,0.005985873338920148,79.0
7455,Cajapió,0,7152,0.0,0.0,0.0,307.1,0.0,34.0
7404,Capinzal do Norte,6,6901,2.0,1.0,3.0,118.0,0.0869439211708448,36.0
8303,São João do Carú,3,7342,0.0,0.0,0.0,283.5,0.040860800871697085,36.0
9172,São João Batista,2,14700,103.0,54.0,166.0,287.8,0.013605442176870748,70.0
7536,Carolina,4,13894,17.0,9.0,27.0,340.2,0.02878940549877645,68.0
9130,São Félix de Balsas,0,3059,0.0,0.0,0.0,167.8,0.0,14.0
7498,Cândido Mendes,36,11836,50.0,26.0,81.0,443.1,0.3041568097330179,75.0
9156,São Francisco do Maranhão,0,7150,1.0,1.0,2.0,203.3,0.0,34.0
7510,Cantanhede,2,10126,1.0,1.0,1.0,225.4,0.019751135690302193,49.0
8281,São Francisco do Brejão,280,6166,23.0,15.0,33.0,277.4,4.5410314628608495,175.0
9016,Santa Rita,10,19269,13.0,8.0,20.0,277.2,0.051896829103741764,96.0
9555,Bom Jardim,31,20019,501.0,261.0,819.0,258.2,0.154852889754733,111.0
8249,Santo Amaro do Maranhão,3,9054,3.0,2.0,4.0,377.4,0.03313452617627568,44.0
7323,Boa Vista do Gurupi,6,4759,50.0,26.0,82.0,451.8,0.12607690691321707,26.0
7285,Bom Lugar,2,8830,0.0,0.0,0.0,147.5,0.022650056625141562,43.0
8222,Santana do Maranhão,0,5951,9.0,5.0,14.0,364.3,0.0,28.0
7269,Bom Jesus das Selvas,7,15239,300.0,154.0,488.0,236.5,0.045934772622875514,76.0
9652,Santa Luzia do Paruá,6,13101,2.0,2.0,4.0,357.1,0.04579803068468056,65.0
7200,Bernardo do Mearim,0,4047,209.0,114.0,336.0,105.5,0.0,19.0
8990,Santa Quitéria do Maranhão,4,15825,1.0,0.0,1.0,331.4,0.02527646129541864,77.0
7374,Bequimão,3,14152,4.0,3.0,6.0,350.8,0.0211984171848502,68.0
9075,São Bento,14,20868,2.0,1.0,4.0,313.4,0.06708836496070539,106.0
7340,Buriticupu,11,32243,252.0,131.0,409.0,212.2,0.03411593214030952,158.0
7439,Buriti Bravo,183,13046,13.0,8.0,19.0,111.7,1.4027288057642189,157.0
7307,Brejo de Areia,4,5551,0.0,0.0,0.0,162.5,0.07205908845253108,28.0
9032,Santo Antônio dos Lopes,37,11710,126.0,66.0,206.0,96.9,0.31596925704526047,74.0
7390,Brejo,7,19241,8.0,5.0,11.0,306.5,0.03638064549659581,94.0
9059,São Benedito do Rio Preto,0,11972,50.0,26.0,81.0,281.7,0.0,56.0
7412,Buriti,8,16718,2.0,1.0,3.0,283.6,0.04785261394903697,83.0
8931,Sambaíba,65,4402,1.0,1.0,2.0,227.2,1.4766015447523853,55.0
7293,Barão de Grajaú,244,11383,4.0,2.0,6.0,219.2,2.143547395238514,180.0
8206,Santa Filomena do Maranhão,1597,4694,560.0,320.0,901.0,27.9,34.02215594375799,852.0
8184,Ribamar Fiquene,8,5052,75.0,39.0,123.0,275.6,0.1583531274742676,28.0
7145,Bacurituba,0,3891,4.0,2.0,5.0,324.0,0.0,18.0
8915,Rosário,29,24773,9.0,5.0,14.0,301.2,0.1170629314172688,132.0
7277,Balsas,86,50477,39.0,22.0,61.0,336.5,0.1703746260673178,283.0
7161,Belágua,0,5975,1.0,1.0,2.0,317.6,0.0,28.0
9571,Santa Inês,335,47027,102.0,53.0,165.0,204.6,0.7123567312395007,396.0
7331,Barreirinhas,12,38000,3.0,2.0,4.0,376.1,0.031578947368421054,186.0
8974,Santa Luzia,42,33624,14.0,9.0,20.0,195.5,0.12491077801570306,180.0
7358,Benedito Leite,1,3212,0.0,0.0,0.0,175.8,0.031133250311332503,16.0
7188,Bela Vista do Maranhão,20,7446,0.0,0.0,0.0,208.6,0.2686005909213,46.0
8958,Santa Helena,1,17062,176.0,91.0,286.0,356.5,0.005860977611065526,81.0
7315,Barra do Corda,19661,46775,7967.0,4891.0,12094.0,44.3,42.033137359700696,16201.0
9679,Arame,1444,16465,1110.0,703.0,1639.0,128.9,8.770118433039782,828.0
8125,Presidente Médici,1,4076,0.0,0.0,0.0,379.7,0.02453385672227674,20.0
8818,Presidente Juscelino,3,7537,50.0,26.0,82.0,291.8,0.03980363539869975,37.0
8109,Porto Rico do Maranhão,0,4907,2.0,1.0,3.0,414.9,0.0,23.0
7196,Arari,25,18078,50.0,26.0,82.0,228.5,0.13828963380904968,98.0
8770,Porto Franco,10,14122,5.0,3.0,7.0,280.9,0.0708114997875655,72.0
7064,Apicum-Açu,0,10310,450.0,232.0,734.0,451.0,0.0,49.0
7153,Anapurus,4,11270,201.0,104.0,325.0,303.0,0.0354924578527063,55.0
8796,Presidente Dutra,396,24078,835.0,472.0,1334.0,55.7,1.644654871667082,319.0
7170,Araioses,27,24752,2.0,1.0,3.0,435.3,0.10908209437621202,131.0
7102,Araguanã,3,5761,1.0,0.0,1.0,299.9,0.05207429265752474,29.0
7129,Bacabeira,56,11907,151.0,79.0,247.0,302.1,0.4703115814226925,85.0
8850,Primeira Cruz,1,8270,0.0,0.0,0.0,364.4,0.012091898428053204,40.0
7234,Bacabal,74,53705,35.0,22.0,51.0,165.1,0.1377897774881296,292.0
8877,Riachão,73,12500,530.0,290.0,854.0,308.6,0.584,97.0
7250,Bacuri,0,10271,250.0,128.0,408.0,437.8,0.0,48.0
8168,Raposa,4,17036,3.0,2.0,5.0,361.1,0.0234796900680911,82.0
8834,Presidente Vargas,0,7803,0.0,0.0,0.0,268.9,0.0,37.0
7218,Axixá,13,8339,1.0,0.0,1.0,317.9,0.15589399208538193,46.0
8141,Presidente Sarney,1,10766,50.0,26.0,81.0,339.2,0.009288500835965075,51.0
7048,Alto Alegre do Pindaré,12,15716,1.0,1.0,2.0,228.6,0.07635530669381523,80.0
7021,Alto Alegre do Maranhão,4,13783,10.0,6.0,14.0,162.8,0.029021258071537402,67.0
7080,Amapá do Maranhão,6,4227,151.0,80.0,245.0,454.8,0.14194464158977999,23.0
8710,Pio XII,3,14569,0.0,0.0,0.0,194.8,0.020591667238657425,70.0
7099,Alto Parnaíba,4,6144,23.0,13.0,36.0,459.0,0.06510416666666667,31.0
8672,Pindaré-Mirim,101,19409,251.0,132.0,412.0,221.8,0.5203771446236282,144.0
7056,Aldeias Altas,360,13675,2.0,1.0,2.0,206.3,2.6325411334552102,251.0
8699,Pinheiro,8,46059,50.0,26.0,81.0,346.9,0.01736902668316724,221.0
