municipio,dist_tuntum_km,votos_projetados,abigail_2022,fernando_pessoa_2018,total_dep_est_2022,abigail_2026_est,vantagem_bruna
Fernando Falcão,81.7,810.0,3757,1148,7370,3870.0,-3060.0
Jenipapo dos Vieiras,83.7,400.0,2970,378,9950,3059.0,-2659.0
Itaipava do Grajaú,111.3,1889.0,2012,2062,7831,2072.0,-183.0
Mirador,89.2,255.0,1897,56,12302,1954.0,-1699.0
São Raimundo do Doca Bezerra,64.9,183.0,1844,404,3945,1899.0,-1716.0
Santa Filomena do Maranhão,27.9,560.0,1597,332,4694,1645.0,-1085.0
Grajaú,126.9,1663.0,1568,2065,38373,1615.0,48.0
Arame,128.9,1110.0,1444,1860,16465,1487.0,-377.0
Formosa da Serra Negra,180.5,3.0,1061,3,10472,1093.0,-1090.0
São Raimundo das Mangabeiras,184.8,632.0,793,39,11909,817.0,-185.0
Joselândia,65.3,197.0,675,117,9375,695.0,-498.0
Dom Pedro,81.9,1009.0,602,104,13932,620.0,389.0
São Mateus do Maranhão,183.7,3.0,499,5,21128,514.0,-511.0
Presidente Dutra,55.7,835.0,396,564,24078,408.0,427.0
Aldeias Altas,206.3,2.0,360,2,13675,371.0,-369.0
Santa Inês,204.6,102.0,335,8,47027,345.0,-243.0
Sítio Novo,202.3,13.0,317,21,11403,327.0,-314.0
Colinas,99.0,399.0,121,938,21380,125.0,274.0
Timon,211.8,762.0,72,116,96967,74.0,688.0
São Domingos do Maranhão,59.9,1011.0,66,65,21641,68.0,943.0
Gonçalves Dias,90.5,634.0,48,418,9613,49.0,585.0
Esperantinópolis,76.0,604.0,45,1258,11048,46.0,558.0
Amarante do Maranhão,196.4,775.0,33,141,20458,34.0,741.0
Lago da Pedra,107.7,764.0,31,83,26166,32.0,732.0
Lagoa Grande do Maranhão,99.0,329.0,23,732,7297,24.0,305.0
Governador Archer,98.6,506.0,23,42,6178,24.0,482.0
Pedreiras,110.3,501.0,22,1198,23007,23.0,478.0
São João dos Patos,171.4,773.0,9,281,15223,9.0,764.0
Jatobá,69.1,609.0,8,111,5187,8.0,601.0
Bom Jesus das Selvas,236.5,300.0,7,3,15239,7.0,293.0
Paulo Ramos,132.8,427.0,6,153,12355,6.0,421.0
Trizidela do Vale,118.4,320.0,5,713,13325,5.0,315.0
Lago Verde,180.2,301.0,4,7,9297,4.0,297.0
