bairro,bruna_projecao,abigail_2022,fernando_prefeito_2024
Centro,3022.0,23,4091
São Lourenço,731.0,15,989
Belém,581.0,7,787
Vila Luizão,547.0,5,740
Ipu-Iru,534.0,3,723
Mil Réis,534.0,2,722
Astolfo Seabra,522.0,0,707
Creoli Do Bina,504.0,4,682
Cigana,492.0,8,665
Tuntum De Cima,490.0,5,664
Campo Velho,432.0,1,585
Vila Bento,359.0,1,485
São Bento,305.0,0,413
Arroz,305.0,0,413
São Joaquim Dos Melos,284.0,17,384
Novo Marajá,230.0,1,311
Arara,203.0,2,275
Santa Rosa,198.0,13,268
Serra Grande,145.0,1,196
Brejo Do João,123.0,0,167
São Miguel,111.0,3,150
Mato Verde,109.0,10,147
Jenipapo Dos Gomes,106.0,7,143
Canto Grande,79.0,0,107
Aldeia,47.0,0,64
