local_votacao,secoes,votantes,bruna_projecao,fernando_2018,abigail_2022,endereco,resultado_2018_2022
Ceefm Dom Marcelino De Milao,13,3664,583.1,1055.0,1437,Avenida Jose Delfino De Meneses,Reduto Abigail
Unidade Integrada Ardaleao Americo Pires,9,2094,415.7,776.0,851,Rua Rio Jurua S/N,Reduto Abigail
Unidade Escolar Maria Emidia Brandes Caldas,10,2507,403.1,664.0,843,Rua Projetada S/N,Reduto Abigail
Unidade Integrada Enoc Vieira,7,1692,330.9,595.0,539,Rua Rio Purus,Trincheira Pessoa
Unidade Integrada Deputado Galeno Edgar Brandes,7,1654,306.1,547.0,525,Rua Do Campo,Trincheira Pessoa
Centro De Ensino Arlindo Ferreira De Lucena,5,1449,275.4,480.0,569,"Rua Rio Tapajós, S/N",Reduto Abigail
Centro De Ensino Prof. João Pedro Freitas Da Silva,10,1903,281.3,453.0,711,"Avenida Pedro Neiva De Santana, Sn",Reduto Abigail
Uema,6,1261,226.0,435.0,466,Avenida Nelson Patury S/N,Reduto Abigail
Unidade Integrada Isabel Cafeteira,6,1223,223.2,400.0,519,Avenida Roseana Sarney S/N,Reduto Abigail
Unidade Escolar Jose Nogueira Arruda,4,1175,209.5,372.0,504,Rua Rio Jutai S/N,Reduto Abigail
Unidade Integrada Santo Antonio,5,1116,186.5,360.0,427,Nova Tresidela Vila Nenzin - Zona Urbana,Reduto Abigail
Unidade Integrada Maria Lenir Araujo Menezes,4,1180,187.5,352.0,460,"Rua Astrogildo Wilson Machado, Sn",Reduto Abigail
Unidade Integrada Manoel Martins Jorge,4,892,157.4,347.0,491,Povoado Três Lagoas Do Manduca,Reduto Abigail
Unidade Integrada Sinezio Teixeira Mendes,4,910,188.1,303.0,337,Povoado Ipiranga,Reduto Abigail
Unidade Integrada Antonio Caneco De Medeiros,3,698,141.0,299.0,259,Povoado Barro Branco,Trincheira Pessoa
Escola Indígena Ireno Rosa,1,281,116.8,259.0,141,Aldeia Indígena Três Irmãos,Trincheira Pessoa
Unidade Integrada Jose Teles,4,691,132.6,258.0,270,Avenida Roseana Sarney S/N,Reduto Abigail
Unidade Integrada Ismael Mousalem Salomao,3,582,127.2,250.0,196,Povoado Centro Dos Ramos,Trincheira Pessoa
Unidade Integrada José Araújo Bezerra,3,740,135.9,244.0,253,Rua Da Assembleia De Deus,Reduto Abigail
Ceefm Pio Xi,4,886,124.4,218.0,370,Praca Melo Uchoa 49,Reduto Abigail
Escola Indigena Bibiana De Sousa,1,259,81.6,217.0,237,Aldeia Kwarahy,Reduto Abigail
Unidade Integrada Sidney Milhomem,3,773,136.4,217.0,310,"Povoado Cajazeira Br, Zona Rural Barra Do Corda/Ma",Reduto Abigail
Unidade Integrada Francisco Viana,2,576,134.9,205.0,251,Povoado Clemente,Reduto Abigail
Unidade Integrada Humberto De Campos,2,480,92.0,205.0,179,Povoado Agrovila Boa Sorte,Trincheira Pessoa
Unidade Integrada Hermogenes Alves De Barros,3,565,108.6,203.0,339,"Povoado Anapurus, Zona Rural - Barra Do Corda/Ma",Reduto Abigail
Unidade Integrada Frederico Figueira,4,1149,138.4,202.0,479,Rua Isaac Martins 378,Reduto Abigail
Unidade Escolar Cicero Rodrigues Pacheco,3,617,96.4,169.0,336,Povoado Sao Jose Do Mearim,Reduto Abigail
Unidade Integrada Maria Safira Da Silva,3,778,109.39999999999999,166.0,264,Avenida Jose Delfino Meneses,Reduto Abigail
Escola Indigena Uwànog,1,246,63.4,163.0,220,Aldeia Mainumy,Reduto Abigail
Unidade Integrada Antonio Rocha Da Silva,3,548,82.7,155.0,253,Povoado São Gonçalo,Reduto Abigail
Posto De Saúde,2,495,73.2,155.0,396,Aldeia Colonia,Reduto Abigail
Unidade Integrada Vanderly Felix Costa,2,497,97.0,141.0,227,"Povoado Santa Vitoria, Zona Rural - Barra Do Corda/Ma",Reduto Abigail
Unidade Integrada Marcelino Miranda,2,441,63.9,139.0,260,Povoado Centro Do Roque,Reduto Abigail
Unidade Escolar Getulio Vargas,1,268,65.7,136.0,109,Povoado Centro Do Marcolino,Trincheira Pessoa
Unidade Integrada Isautina Pereira Araujo,3,699,93.6,127.0,233,"Rua Principal, Vila Mariano, Zona Urbana - Barra Do Corda",Reduto Abigail
Unidade Integrada Adelia Falcao,2,420,63.699999999999996,121.0,200,Povoado Escondido,Reduto Abigail
Escola Indígena José Alderico Pompeu,1,243,48.0,116.0,212,Aldeia Nova,Reduto Abigail
Unidade Integrada Deusdedith Cortez Vieira Da Silva,2,350,60.1,109.0,133,Rua Rio Branco S/N,Reduto Abigail
Unidade Integrada Osvaldo Cruz,1,262,47.2,101.0,179,Povoado Cacau,Reduto Abigail
Unidade Escolar Antonio Ismar Tavares Muniz,1,231,48.9,98.0,87,Povoado Barro Branco,Trincheira Pessoa
Unidade Escolar Teodorico Anacleto Da Silva,1,198,43.1,97.0,56,Povoado Cajazeira Ii,Trincheira Pessoa
Gerencia Do Estado De Desenvolvimento Regional De Barra Do Corda,1,246,49.7,97.0,105,Rua Frederico Figueira S/N,Reduto Abigail
Unidade Integrada Almir Silva,1,271,48.3,94.0,139,Povoado Agrovila Dos Currais,Reduto Abigail
Unidade Escolar Manoel Patricio Da Silva,1,231,45.9,92.0,83,Povoado Cabeceira Do Escondido,Trincheira Pessoa
Unidade Integrada Professora Otávia Bandeira,1,265,49.8,84.0,90,Rua Rio Madeira S/N,Reduto Abigail
Unidade Integrada Augusto Alves De Barros,1,219,41.3,84.0,103,Povoado Estreito,Reduto Abigail
Sindicato Dos Trabalhadores Rurais,1,235,43.9,80.0,77,Avenida  Eliezer Moreira S/N,Trincheira Pessoa
Unidade Integrada Joao Lopes Barbosa,1,205,39.1,75.0,113,Povoado Sumauma,Reduto Abigail
Camara Municipal,1,255,39.0,74.0,102,Rua Araao Brito S/N,Reduto Abigail
Escola Maria De Jesus Pompeu,1,91,24.9,65.0,73,Aldeia Taboca - Zona Rural,Reduto Abigail
Unidade Escolar Francisco De Melo Albuquerque,1,136,32.6,62.0,65,Povoado Floresta,Reduto Abigail
Academia Barracordense De Letras,2,401,44.7,62.0,188,Rua Luis Domingues S/N,Reduto Abigail
Clube Das Maes,1,188,31.9,61.0,81,Rua Araao Brito S/N,Reduto Abigail
Unidade Integrada Doca Barbalho,1,144,27.8,60.0,64,Povoado Vila Real - Zona Rural,Reduto Abigail
Unidade Escolar Anizio Nogueira,1,155,34.2,60.0,77,Povoado Canafistula,Reduto Abigail
Unidade Integrada Jose Ferreira Neto,1,330,39.7,56.0,140,Povoado Naru,Reduto Abigail
Salao Paroquial,1,144,25.2,53.0,67,Rua Geroncio Falcao S/N,Reduto Abigail
Unidade Integrada Da Vila Serraria,1,152,33.0,51.0,71,Povoado Vila Serraria,Reduto Abigail
Igreja Nossa Senhora Desatadora Dos Nós,1,119,26.0,49.0,51,Povoado Esperantina,Reduto Abigail
Unidade Escolar Martins Vieira,1,159,24.8,46.0,107,Povoado Lagoa Do Angico,Reduto Abigail
Unidade Escolar Goncalves Dias,1,98,24.0,46.0,43,Povoado Lagoinha,Trincheira Pessoa
Unidade Escolar Novo Brejo,1,142,24.1,45.0,73,"Povoado Novo Brejo, Zona Rural - Barra Do Corda/Ma",Reduto Abigail
Unidade Integrada Rui Barbosa,1,155,26.1,45.0,90,Povoado Lagoa Do Socorro,Reduto Abigail
Unidade Escolar Raimundo Januário De Azevedo,1,110,20.2,44.0,66,Povoado Mamuir - Zona Rural,Reduto Abigail
Unidade Escolar Inacio Cruz,1,124,25.6,43.0,50,Povoado Montevideu,Reduto Abigail
Unidade Escolar Mucunã,1,118,20.5,43.0,25,"Povoado Mucunã - Zona Rural, Barra Do Corda/Ma",Trincheira Pessoa
Unidade Escolar Jose Lopes Xavier,1,143,30.9,43.0,42,Povoado Centro Do Meio,Trincheira Pessoa
Unidade Escolar Zebina Pinto Arruda,1,111,19.2,41.0,29,Povoado Cachoeirinha,Trincheira Pessoa
Unidade Escolar Isaac Martins,1,72,20.1,40.0,17,Povoado Mundo Novo Dos Flores,Trincheira Pessoa
Unidade Integrada Rudson Monte Arruda,1,88,17.2,40.0,48,"Povoado Novo Oriente, Zona Rural - Barra Do Corda/Ma",Reduto Abigail
Unidade Escolar Salomao Barroso,1,78,16.8,39.0,49,Povoado Sao Miguel,Reduto Abigail
Unidade Escolar Joaquim Roseno,1,117,20.5,38.0,71,Povoado Cruzeiro,Reduto Abigail
Unidade Escolar Santa Fé,1,177,22.1,38.0,54,Povoado Santa Fé,Reduto Abigail
Unidade Escolar Salviano Jose De Maria,1,61,18.1,36.0,26,Povoado Desejo,Trincheira Pessoa
Unidade Escolar Francisco Doia,1,67,21.1,36.0,22,Povoado Lagoa Grande,Trincheira Pessoa
Unidade Integrada Filomena Alves Gois,1,165,25.7,34.0,68,Povoado Sao Jose Do Japao,Reduto Abigail
Unidade Escolar Coelho Neto,1,104,16.8,34.0,59,Povoado Farinha,Reduto Abigail
Unidade Escolar Manoel Marcos Ribeiro,1,88,18.8,34.0,32,Povoado Catete,Trincheira Pessoa
Unidade Escolar Jose Macedo Da Silva,1,114,18.0,32.0,53,Povoado Sujape,Reduto Abigail
Centro Educacional Manoel Mariano De Sousa,6,1593,124.60000000000001,31.0,664,Av. Roseana Sarney S/N,Reduto Abigail
Unidade Escolar Jose Leonil Da Cunha Nava,1,106,16.1,31.0,52,Povoado Calumbi Dos Flores,Reduto Abigail
Unidade Escolar Ademar Pereira De Sousa,1,49,11.4,29.0,14,Povoado Centro Do Barroso,Trincheira Pessoa
Unidade Integrada Rosalina Franco Mota,1,128,13.7,28.0,85,"Povoado Cana Brava, Zona Rural - Barra Do Corda/Ma",Reduto Abigail
Colegio Diocesano,3,753,59.1,27.0,289,Avenida Eliezer Moreira S/N,Reduto Abigail
Unidade Integrada Genival Alves De Olvieira,1,98,15.8,26.0,62,"Povoado São Carlos, Zona Rural - Barra Do Corda/Ma",Reduto Abigail
Unidade Escolar Aldenora Pereira Da Silva,1,91,12.3,25.0,64,Povoado Centro Do Ze Antonio,Reduto Abigail
Unidade Escolar Duque De Caxias,1,65,9.8,20.0,30,Povoado Cajueiro,Reduto Abigail
Unidade Escolar Raimundo Ferreira Lima,1,54,9.1,18.0,29,Povoado Lagoa Comprida,Reduto Abigail
Centro Comunitário Da Associação Dos Produtores Rurais,1,76,11.8,15.0,47,Povoado Lagoa Da Floresta,Reduto Abigail
Unidade Escolar Pedro Marina,1,74,8.5,14.0,48,Povoado Jatoba,Reduto Abigail
Unidade Escolar  José Sarney,1,57,6.9,13.0,28,Povoado Baixão Fundo,Reduto Abigail
Unidade Escolar Jarbas Passarinho,1,99,9.0,10.0,59,Povoado Patizal,Reduto Abigail
Colegio Dom Valentino Lazzari,1,224,19.8,6.0,80,Avenida Eliezer Moreira S/N,Reduto Abigail
Unidade Escolar Sao Raimundo,1,60,4.7,3.0,27,Povoado Dois Irmaos,Reduto Abigail
Receita Estadual,1,204,13.7,0.0,81,Avenida Eliezer Moreira S/N,Reduto Abigail
Escola Do Loteamento Cajueiro,1,80,3.1,0.0,56,Loteamento Cajueiro - Zona Rural,Reduto Abigail
Unidade Escolar Vila Duas Cachoeiras,1,117,6.1,0.0,81,Povoado Duas Cachoeiras - Zona Rural,Reduto Abigail
Unidade Integrada João Martins Jorge,1,76,3.9,0.0,24,Povoado Cateté De Cima Zona Rural,Reduto Abigail
