NR_VOTAVEL,NM_VOTAVEL,QT_VOTOS,partido,grupo,nominal
40444,IRACEMA CRISTINA VALE LIMA,104729,40,40,True
65065,OTHELINO NOVA ALVES NETO,84815,65,FE BRASIL,True
40789,CARLOS EDUARDO DE OLIVEIRA LULA,80828,40,40,True
40456,DAVI BRANDÃO FARIAS,67392,40,40,True
40222,RAIMUNDO FLORÊNCIO MONTEIRO NETO,56100,40,40,True
22000,FABIANA VILAR RODRIGUES,55314,22,22,True
22345,SOLANGE DE ARAUJO SOUSA,55193,22,22,True
40400,FRANCISCO NAGIB BUZAR DE OLIVEIRA,53125,40,40,True
55456,MICAL SILVA DAMASCENO,52123,55,55,True
44678,JOSÉ ARIMATEA LIMA NETO EVANGELISTA,50923,44,44,True
22123,ALUIZIO DE SOUZA SANTOS,50770,22,22,True
12012,OSMAR GOMES DOS SANTOS FILHO,50117,12,12,True
40212,RAFAEL DE BRITO SOUSA,49798,40,40,True
12456,VIVIANNE MARTINS COELHO E SILVA,49202,12,12,True
40123,ANDREIA LOPES MARTINS REZENDE,48186,40,40,True
11111,RILDO DE OLIVEIRA AMARAL,48090,11,11,True
22200,ABIGAIL CUNHA DE ALMEIDA SOUSA,48025,22,22,True
40258,DANIELLA JADÃO MENESES CUNHA,47277,40,40,True
51222,EDNA SANTOS SILVA,46248,51,51,True
12123,GLALBERT NASCIMENTO CUTRIM,45134,12,12,True
51000,GUILHERME FONSECA PAZ,44844,51,51,True
65400,RODRIGO PIRES FERREIRA LAGO,43292,65,FE BRASIL,True
20000,FERNANDO SALIM BRAIDE,42506,20,20,True
15000,RICARDO JOSÉ SÁ FORTES DE ARRUDA,42056,15,15,True
40321,YGLESIO LUCIANO MOYSES SILVA DE SOUZA,42009,40,40,True
55800,WELLRYK OLIVEIRA COSTA DA SILVA,40629,55,55,True
40233,ARISTON RIBEIRO DE SOUSA,40236,40,40,True
11222,ANTONIO ARNALDO ALVES DE MELO,39546,11,11,True
22555,CLAUDIO LUIZ LIMA CUNHA,39104,22,22,True
10789,JANAINA LIMA ARAÚJO RAMOS,38927,10,10,True
40333,ANTONIO PEREIRA FILHO,38329,40,40,True
11000,HEMETERIO WEBA FILHO,37709,11,11,True
12345,CLAUDIA FABIANA VIEIRA SILVA,37435,12,12,True
11444,JOSE GEOVANI LOPES DE QUEIROZ JUNIOR,35820,11,11,True
51444,JUSCELINO DA CRUZ FILGUEIRA JUNIOR,35567,51,51,True
15789,JOSÉ ROBERTO COSTA SANTOS,34156,15,15,True
65123,RICARDO TADEU RIBEIRO PEARCE,29304,65,FE BRASIL,True
65777,JULIO CESAR MENDONCA CORREA,29028,65,FE BRASIL,True
65000,ANA DE NAZARÉ PEREIRA SILVA MACEDO MENDONÇA,27425,65,FE BRASIL,True
19456,LEANDRO BELLO DE SÁ ROSAS COSTA,25064,19,19,True
19888,AUGUSTO INÁCIO PINHEIRO JUNIOR,24910,19,19,True
20123,CARLOS WELLINGTON DE CASTRO BEZERRA,24800,20,20,True
