cidade_norm,regiao_campo,lideranca,status,votos_que_tirou,prefeito_2024,dep_federal_2026
arame,ALTO MEARIM,Talita Sousa,SUPLENTE,163.0,Geovany Araujo,Erlânio Xavier
arame,ALTO MEARIM,Dr Samuel/Socorro Vaqu,SUPLENTE,619.0,Geovany Araujo,Erlânio Xavier
arame,ALTO MEARIM,Nego do Arame,,,Geovany Araujo,Erlânio Xavier
arame,ALTO MEARIM,Pretin Aristide,SUPLENTE,164.0,Geovany Araujo,Erlânio Xavier
arame,ALTO MEARIM,Prof Francisco,,,Geovany Araujo,Erlânio Xavier
arame,ALTO MEARIM,Solange,,,Geovany Araujo,Erlânio Xavier
arame,ALTO MEARIM,Osvaldo,,,,
arame,ALTO MEARIM,Solange,,,,
arame,ALTO MEARIM,Erinaldo,,,,
arame,ALTO MEARIM,Valdecir Santana,,,,
arame,ALTO MEARIM,Zé do Motor,,,,
arame,ALTO MEARIM,Dr João,,,,
arame,ALTO MEARIM,Sr Joao do Bodó,VEREADOR(A),637.0,Geovany Araujo,Erlânio Xavier
arame,ALTO MEARIM,Joivan,SUPLENTE,302.0,Geovany Araujo,Erlânio Xavier
arame,ALTO MEARIM,Trindade Xavier,VICE-PREFEITO(A),10534.0,Geovany Araujo,Erlânio Xavier
arame,ALTO MEARIM,Ex Vereador Irmão Almir,SUPLENTE,516.0,Geovany Araujo,Erlânio Xavier
fernando falcao,ALTO MEARIM,Idefran,,,Reseni Cavalcante,Amanda Gentil
fernando falcao,ALTO MEARIM,Edmar,,,Reseni Cavalcante,Amanda Gentil
barra do corda,ALTO MEARIM,Izanete,,,,
barra do corda,ALTO MEARIM,Jayne,,,,
barra do corda,ALTO MEARIM,Vanessa,,,,
barra do corda,ALTO MEARIM,Marcos da Unilar,,,,
barra do corda,ALTO MEARIM,Vitalzinho,,,,
barra do corda,ALTO MEARIM,Leocadio,,,,
jenipapo dos vieiras,ALTO MEARIM,Handerson casca de bala,PREFEITO(A),3759.0,handerson,Marcio Honaiser
joselandia,ALTO MEARIM,Gerson,,,Garimpeiro,Josimar
santa filomena do maranhao,ALTO MEARIM,Niteran,VICE-PREFEITO(A),3073.0,Salomao costa,Erlânio Xavier
santa filomena do maranhao,ALTO MEARIM,Michell,,,,
santa filomena do maranhao,ALTO MEARIM,Huginho do Telema,VEREADOR(A),544.0,Salomao costa,Erlânio Xavier
santa filomena do maranhao,ALTO MEARIM,Marcos da Mili,,,,
santa filomena do maranhao,ALTO MEARIM,Antonio Carlos,,,Salomao costa,Erlânio Xavier
santa filomena do maranhao,ALTO MEARIM,Ronaldo Oliveira,,,,
santa filomena do maranhao,ALTO MEARIM,Jesimiel,,,,
santa filomena do maranhao,ALTO MEARIM,Regilda,,,,
santa filomena do maranhao,ALTO MEARIM,Ver. Andressa,VEREADOR(A),314.0,Salomao costa,Erlânio Xavier
santa filomena do maranhao,ALTO MEARIM,Regilda,,,,
santa filomena do maranhao,ALTO MEARIM,Supl. Antonio Augusto,VEREADOR(A),37.0,Idan,Erlânio Xavier
santa filomena do maranhao,ALTO MEARIM,Supl. Lea do Manoel,VEREADOR(A),82.0,Idan,Erlânio Xavier
santa filomena do maranhao,ALTO MEARIM,Supl. Santos,VEREADOR(A),122.0,Salomao costa,Erlânio Xavier
santa filomena do maranhao,ALTO MEARIM,Isânio Gomes,PREFEITO(A),2256.0,Salomao costa,Erlânio Xavier
tuntum,ALTO MEARIM,Fernando Pessoa,PREFEITO(A),14878.0,Fernando Pessoa,JUSCELINO 
anajatuba,BAIXADA,Ver. Richardson,VEREADOR(A),580.0,Saulo machado,jr. lourenço
anajatuba,BAIXADA,Ver Lucas Pereira,VEREADOR(A),918.0,Helder Aragao,Amanda Gentil
arari,BAIXADA,Citó,SUPLENTE,332.0,Simplismente Maria Alves,jr. lourenço
moncao,BAIXADA,Netinho,SUPLENTE,165.0,Veiber (republicamos),
palmeirandia,BAIXADA,Jonan,SUPLENTE,,João Batista Segundo,Luciano Genésio
penalva,BAIXADA,João do Forum,VICE-PREFEITO(A),1380.0,Careca da cultura,Jr Lourenço
peri mirim,BAIXADA,Adriano do Jiqui,VEREADOR,318.0,Elieser,Marcio Honaise
pinheiro,BAIXADA,Alexandro Lima Tavares,não,,Kaio Hortegal,não definiu
pinheiro,BAIXADA,Nonatha,VEREADORA,29.0,,
presidente sarney,BAIXADA,Branco Dávila,VEREADOR,399.0,Dr. Elton,Márcio Honaiser
santa helena,BAIXADA,Zezildo,PREFEITO(A),8375.0,Joãozinho Pavão,Aluísio Mendes
sao vicente ferrer,BAIXADA,Augusto Arouche,,,Adriano Freitas,Vinicius Ferro
sao vicente ferrer,BAIXADA,Ver. Professor Zeca,VEREADOR(A),642.0,,Vinicius Ferro
sao vicente ferrer,BAIXADA,Ver. Carla Castro,VEREADOR(A),466.0,,Marcio Jerry
sao joao batista,BAIXADA,Magno,,79.0,,
sao joao batista,BAIXADA,Toin,,,,
viana,BAIXADA,Irmão Valdinho,SUPLENTE,436.0,Carlinho Sidreira,Sem Candidato
vitorino freire,BAIXADA,Rony,,,,
vitorino freire,BAIXADA,Ildean,,,,
vitorino freire,BAIXADA,Jalckson,,,,
sao joao do soter,CAXIAS,Jardiel,VEREADOR(A),383.0,Lacerda,Dra Gisele
sao joao do soter,CAXIAS,Claudio,,59.0,,
sao joao do soter,CAXIAS,Dom Hélio,,,,
timon,CAXIAS,Jorge Passos,VEREADOR(A),768.0,Dinair Veloso,Larissa DP
timon,CAXIAS,Reginaldo Vilanova,VEREADOR(A),622.0,Henrique Jr,Giselle Bezerra
timon,CAXIAS,neto peças,,,,
timon,CAXIAS,Badu,VEREADOR(A),1392.0,Dinair Veloso,Giselle Bezerra
timon,CAXIAS,Carlos Zangiolami,VEREADOR(A),1523.0,Dinair Veloso,Marcio Honaiser
dom pedro,CENTRO MARANHENSE,Ver. Gongo Silva,VEREADOR(A),701.0,Léo Paz,Larissa DP
dom pedro,CENTRO MARANHENSE,Ver. Lirão da Santa Vitória,VEREADOR(A),820.0,Galego,Larissa DP
dom pedro,CENTRO MARANHENSE,Ver. Marifran Barbosa,VEREADOR(A),541.0,Galego,Larissa DP
dom pedro,CENTRO MARANHENSE,Ver.Elissandro Mota,VEREADOR(A),843.0,Galego,Fábio Macedo
dom pedro,CENTRO MARANHENSE,Ivonilson,,,Galego,Larissa DP
dom pedro,CENTRO MARANHENSE,Jean,VEREADOR(A),92.0,Léo Paz,Larissa DP
dom pedro,CENTRO MARANHENSE,Soniltom,VEREADOR(A),372.0,Galego,Larissa DP
fortuna,CENTRO MARANHENSE,Gildenor,VEREADOR,,,Vinicius Ferro
goncalves dias,CENTRO MARANHENSE,Ex-Prefeito Patioba,PREFEITO(A),5458.0,Romeu Patioba,Jucelino
governador archer,CENTRO MARANHENSE,Dr Thiago Leal Santos,PREFEITO,,Dr. Thiago,Larissa DP
governador eugenio barros,CENTRO MARANHENSE,Rogerio Conal,VICE-PREFEITO(A),1701.0,Toinha do Povo,Jr Lourenço
governador eugenio barros,CENTRO MARANHENSE,Ver. Laura,VEREADOR,508.0,,
governador eugenio barros,CENTRO MARANHENSE,Genrau,EX VEREADOR,,,
governador eugenio barros,CENTRO MARANHENSE,Kauana,SUPLENTE,410.0,,
governador eugenio barros,CENTRO MARANHENSE,Renatinho,SUPLENTE,370.0,,
governador eugenio barros,CENTRO MARANHENSE,Pimentel,SUPLENTE,96.0,,
governador eugenio barros,CENTRO MARANHENSE,Alvim do Posto,VEREADOR,744.0,,
governador eugenio barros,CENTRO MARANHENSE,Ver. Adrovany,,391.0,,
governador eugenio barros,CENTRO MARANHENSE,Dede Locutor,,15.0,,
governador luiz rocha,CENTRO MARANHENSE,Tony Black,VEREADOR,,Aprigio Neto,Jr Lourenço
governador luiz rocha,CENTRO MARANHENSE,Mano do Alfredo,,360.0,,
governador luiz rocha,CENTRO MARANHENSE,Vandinho da Miquinha,,352.0,,
grajau,CENTRO MARANHENSE,Otsuka,PREFEITO(A),18972.0,Marinaldo,Marcio Honaiser
presidente dutra,CENTRO MARANHENSE,André Jardins,VEREADOR(A),796.0,Raimundinho A,Juscelino Filho
presidente dutra,CENTRO MARANHENSE,Franklin Torres,VEREADOR(A),989.0,Raimundinho A,Juscelino Filho
dom pedro,CENTRO MARANHENSE,Oposição,,,,
senador alexandre costa,CENTRO MARANHENSE,Ver. Gago,VEREADOR(A),337.0,Dr. Nilo,Larissa DP
senador alexandre costa,CENTRO MARANHENSE,Ex Carlim Machado,,,,
sao domingos do maranhao,CENTRO MARANHENSE,Rayssa Mariano,VEREADOR(A),1524.0,Irislane Avelar,ERLÂNIO
sao domingos do maranhao,CENTRO MARANHENSE,Maycon Leão,VEREADOR(A),1320.0,Irislane Avelar,ERLÂNIO
sao domingos do maranhao,CENTRO MARANHENSE,Carlinho Bandeira,VEREADOR(A),974.0,Irislane Avelar,ERLÂNIO
sao domingos do maranhao,CENTRO MARANHENSE,Antônio Cipó,VEREADOR(A),728.0,Irislane Avelar,ERLÂNIO
sao domingos do maranhao,CENTRO MARANHENSE,Zé da Folha,PREFEITO(A),9184.0,Irislane Avelar,ERLÂNIO
sao domingos do maranhao,CENTRO MARANHENSE,Johatan Avelar,VEREADOR(A),625.0,Irislane Avelar,ERLÂNIO
sao domingos do maranhao,CENTRO MARANHENSE,Janio do Goió,VEREADOR(A),971.0,Irislane Avelar,ERLÂNIO
sao domingos do maranhao,CENTRO MARANHENSE,Moadir Pai,VEREADOR(A),1147.0,Irislane Avelar,ERLÂNIO
jatoba,CHAPADA,Ednaura,PREFEITO,2458.0,Dr Gerson,Jr Lourenço
jatoba,CHAPADA,Robertinho,PREFEITO,2860.0,Dr Gerson,Jr Lourenço
lagoa do mato,CHAPADA,Zé Cardoso,,,,
sao raimundo das mangabeiras,CHAPADA DAS MANGABEIRAS,Linoir e esposa,,,,
sao raimundo das mangabeiras,CHAPADA DAS MANGABEIRAS,Joanice,,,,
sao raimundo das mangabeiras,CHAPADA DAS MANGABEIRAS,Corró,,428.0,,
sao raimundo das mangabeiras,CHAPADA DAS MANGABEIRAS,Miriane,,469.0,,
fortaleza dos nogueiras,CHAPADA DAS MANGABEIRAS,Celso / Raul,,953.0,,
mirador,CHAPADA DO ALTO,Ex vice pref. Abrahão,VICE-PREFEITO(A),6776.0,Zé Renato,Hildo Rocha
mirador,CHAPADA DO ALTO,Ver. Karlan,VEREADOR(A),577.0,Zé Renato,Hildo Rocha
mirador,CHAPADA DO ALTO,Ex ver. Carlim do salvino,VEREADOR(A),143.0,Zé Renato,Hildo Rocha
mirador,CHAPADA DO ALTO,Supl. Mara,VEREADOR(A),20.0,Zé Renato,Hildo Rocha
mirador,CHAPADA DO ALTO,Supl. Prof Laelio,VEREADOR(A),88.0,Zé Renato,Hildo Rocha
mirador,CHAPADA DO ALTO,Evangelista,*,,Zé Renato,Marcio Jerry
mirador,CHAPADA DO ALTO,Supl. Raimundo Rios,VEREADOR(A),78.0,Zé Renato,Hildo Rocha
mirador,CHAPADA DO ALTO,Paulim Cabral,*,,Zé Renato,Hildo Rocha
mirador,CHAPADA DO ALTO,Supl. Prof Afrânio,VEREADOR(A),114.0,Zé Renato,Hildo Rocha
mirador,CHAPADA DO ALTO,Supl. Adalberto Tubarão,VEREADOR(A),44.0,Zé Renato,Hildo Rocha
mirador,CHAPADA DO ALTO,Supl. Romeria do Joelino,VEREADOR(A),239.0,Zé Renato,Hildo Rocha
mirador,CHAPADA DO ALTO,Adelson Dias,*,,Zé Renato,Hildo Rocha
paraibano,CHAPADA DO ALTO,Olivan,VICE-PREFEITO,5601.0,Junior Buriti,Márcio Honaise
paraibano,CHAPADA DO ALTO,Neurivan Pito,VEREADOR(A),513.0,Vanessa,Márcio Honaise
pastos bons,CHAPADA DO ALTO,Fabio Pecheca,,193.0,,
pastos bons,CHAPADA DO ALTO,Remy do Angical,,112.0,,
pastos bons,CHAPADA DO ALTO,Benilto Holanda,,200.0,,
sao joao dos patos,CHAPADA DO ALTO,Primeira dama Thuanny,VEREADOR(A),2046.0,Dr. Alexandre,Jr Lourenço
anapurus,CHAPADINHA,Tony,não ,,Tanios Lima,não definiu
anapurus,CHAPADINHA,Jucinha,,795.0,,
anapurus,CHAPADINHA,fernando,,,,não definiu
anapurus,CHAPADINHA,prof. Socorro,não ,,Vanderley,não definiu
sao bernardo,CHAPADINHA,Augusto,,,,
chapadinha,CHAPADINHA,Levi e Ralison - Teles,não,,Fernando Pessoa,não definiu
sao benedito do rio preto,CHAPADINHA,Raul,,,,
sao benedito do rio preto,CHAPADINHA,Flor,,,,
sao benedito do rio preto,CHAPADINHA,Izael,,,,
mata roma,CHAPADINHA,Dyonatan Garreto,VEREADOR,652.0,Besaliel,não definiu
mata roma,CHAPADINHA,Messias,,310.0,,
mata roma,CHAPADINHA,Andecim,VEREADOR,636.0,Araújo Diniz,Jr. Lourenço 
milagres do maranhao,CHAPADINHA,Carlos Alberto,não,,Andressa Carvalho,Dr. Gisele
milagres do maranhao,CHAPADINHA,Elizângela Peixoto,VICE-PREFEITA,,Andressa Carvalho,Dr. Gisele
codo,CODÓ,Tiago Pontes,Não ,,Dr. José Francisco ,não definiu
codo,CODÓ,Júnior Lopes,não ,,Dr. José Francisco ,não definiu
coroata,CODÓ,Junior Buhaten,VEREADOR(A),600.0,ariana amovelar,Jr Lourenço
coelho neto,COELHO NETO,Marcio secretario,VEREADOR(A),290.0,Bruno Silva,
paco do lumiar,GRANDE SÃO LUÍS,Adelson Ferreira,VEREADOR(A),449.0,,
sao jose de ribamar,GRANDE SÃO LUÍS,Ver. Fernando Castro,VEREADOR(A),1883.0,Dudu Diniz,Marreca Filho
sao jose de ribamar,GRANDE SÃO LUÍS,Supl. Dedé Serra Alta,VEREADOR(A),1270.0,Dudu Diniz,Marreca Filho
presidente juscelino,GRANDE SÃO LUÍS,Oseias de Paula,,,,
amapa do maranhao,GURUPI,Ver. Anderson,VEREADOR(A),444.0,Nelene ,Jr Lourenço 
amapa do maranhao,GURUPI,Ver. Henrique,VEREADOR(A),435.0,Nelene ,Jr Lourenço 
amapa do maranhao,GURUPI,Ver. Almir,VEREADOR(A),171.0,Nelene ,Jr Lourenço 
boa vista do gurupi,GURUPI,Seninha,VEREADOR,,Marquinho da Pesca,Jr. Lourenço
carutapera,GURUPI,Supl. Marcelo,VEREADOR(A),227.0,Airton,Larissa DP
carutapera,GURUPI,Fernando Freitas,não ,,Airton Marques,Larissa DP
candido mendes,GURUPI,Fabiola e Kennedy,não,,Mazinho Leite,Ribeiro Neto
candido mendes,GURUPI,Edmilson,não,,Mazinho Leite,Ribeiro Neto
luis domingues,GURUPI,Wallace,VEREADOR,,Geovane Sodré,Jr. Lourenço 
governador nunes freire,GURUPI,Genilson,,,,
maracacume,GURUPI,Ver. Boguim,VEREADOR,464.0,,
turiacu,GURUPI,Axinho,VEREADOR(A),805.0,Edésio Cavalcante,Josimar
amarante do maranhao,TOCANTINS MARANHENSE,Toin Soares,VEREADOR(A),623.0,Vanderly,Jr. Lourenço
amarante do maranhao,TOCANTINS MARANHENSE,Edvaldo,,434.0,,
amarante do maranhao,TOCANTINS MARANHENSE,Tapo Indio,VEREADOR(A),710.0,Vanderly,Viníncius Ferro
amarante do maranhao,TOCANTINS MARANHENSE,Nadson Ferraz,VEREADOR(A),612.0,Vanderly,Jr. Lourenço
acailandia,TOCANTINS MARANHENSE,Fernando Pererira,não,,Dr. Benjamim,Larissa DP
buritirana,TOCANTINS MARANHENSE,Josimar Nunes da Silva,VEREADOR,,Tony Brandão,Cleiton Noleto
montes altos,TOCANTINS MARANHENSE,Igo Posseiro,,,,
imperatriz,TOCANTINS MARANHENSE,Anderson alvorada,VEREADOR ,1401.0,Josivaldo JP,Erlânio Xavier
imperatriz,TOCANTINS MARANHENSE,Edvaldo Filho,,,,
joao lisboa,TOCANTINS MARANHENSE,Toiras,,,,
joao lisboa,TOCANTINS MARANHENSE,Rogério,,,,
joao lisboa,TOCANTINS MARANHENSE,Dr. Rodrigo,,,,
joao lisboa,TOCANTINS MARANHENSE,Dona Socorro,,,,
ribamar fiquene,TOCANTINS MARANHENSE,Gabriel Mendes,não ,,Cociflan,Júnior Lourenço 
governador edison lobao,TOCANTINS MARANHENSE,Marcelo,,,,
senador la rocque,TOCANTINS MARANHENSE,Joselio do Radio,,,,
itapecuru mirim,MÉDIO ITAPECURU,Ricardo Cruz,VEREADOR,397.0,Ricardo Lages,Marreca Filho
itapecuru mirim,MÉDIO ITAPECURU,Renato,,,,
miranda do norte,MÉDIO ITAPECURU,Eduardo Amaro Bezerra,NÃO ,,Ivaldo Ribeiro,Jr.Lourenço
miranda do norte,MÉDIO ITAPECURU,Dudu do Paredão,,,,
nina rodrigues,MÉDIO ITAPECURU,Raimundinho,PREFEITO(A),41.0,Raimundinho,Larissa DP
pirapemas,MÉDIO ITAPECURU,Carol do Posto,VEREADORA,610.0,Fernando Cutrim,Júnior Lourenço 
pirapemas,MÉDIO ITAPECURU,Batista,,,,
pirapemas,MÉDIO ITAPECURU,Francisco Garibaldi,,199.0,,
pirapemas,MÉDIO ITAPECURU,Edmar Mota,,218.0,,
vargem grande,MÉDIO ITAPECURU,Alan do Peixe,VEREADOR,410.0,Diegão da Madereira,Josimar de Maranhaozinho
vargem grande,MÉDIO ITAPECURU,Mercial,,,,
apicum acu,LITORAL,Zequinha,PREFEITO(A),3414.0,Zequinha,Pedro Lucas
bacuri,LITORAL,Poliana Tropical,VEREADOR(A),476.0,Jovan,
bacuri,LITORAL,João Portela,,,,
serrano do maranhao,LITORAL,Gleici Monteiro,PREFEITO(A),735.0,Gleici ,ERLÂNIO
olho d agua das cunhas,MÉDIO MEARIM,Fabio Almeida,SUPLENTE,403.0,Vaval,Jr. Lourenço
bacabal,MÉDIO MEARIM,Ver. Reginaldo do Posto,VEREADOR(A),1786.0,Roberto Costa,
bacabal,MÉDIO MEARIM,Ver. Alex Abreu,VEREADOR(A),1229.0,Roberto Costa,
esperantinopolis,MÉDIO MEARIM,Maria Arlene,PREFEITO(A),4495.0,Arlene,ERLÂNIO
lago verde,MÉDIO MEARIM,Joas Barros,,,,
lago verde,MÉDIO MEARIM,Laercio,VICE-PREFEITO,,Erica Revil,Júnior Lourenço
lago da pedra,MÉDIO MEARIM,Cicero Amaro,,,,
pedreiras,MÉDIO MEARIM,Ana Roberta do Sindicato,SUPLENTE,354.0,Dr. Humberto,Marcio Honaise
pedreiras,MÉDIO MEARIM,Irmão Eclésio,SUPLENTE,177.0,Dr. Humberto,Marcio Honaise
pedreiras,MÉDIO MEARIM,Douglas do Terreno,SUPLENTE,100.0,Dr. Humberto,Marcio Honaise
pedreiras,MÉDIO MEARIM,Edilson Palhares,SUPLENTE,136.0,Dr. Humberto,Marcio Honaise
pedreiras,MÉDIO MEARIM,Manoel Mecias,SUPLENTE,92.0,Dr. Humberto,Marcio Honaise
pedreiras,MÉDIO MEARIM,Jackson da Igreja,SUPLENTE,28.0,Dr. Humberto,Marcio Honaise
pedreiras,MÉDIO MEARIM,Irmão Jó,SUPLENTE,86.0,Dr. Humberto,Marcio Honaise
santo antonio dos lopes,MÉDIO MEARIM,Thalison,,,,
santo antonio dos lopes,MÉDIO MEARIM,José Felipe,blogueiro,,,
santo antonio dos lopes,MÉDIO MEARIM,Francisco Imperador,,,,
santo antonio dos lopes,MÉDIO MEARIM,Manoel do PT,VEREADOR(A),241.0,,
trizidela do vale,MÉDIO MEARIM,Dr. Gustavo,PREFEITO(A),3535.0,Dr. Gustavo,Dr. Orlando
sao luis gonzaga do maranhao,MÉDIO MEARIM,Dr Junior,PREFEITO(A),6755.0,DICO SALAZAR,
bom jardim,PINDARÉ,Cesarino,VEREADOR,,Cristiane Varão ,Márcio Honaiser
bom jesus das selvas,PINDARÉ,Sidionatan,,,,
lago da pedra,PINDARÉ,Cicero Amaro,VEREADOR(A),998.0,Maura Jorge,ERLÂNIO
lago da pedra,PINDARÉ,Camila,,,,
paulo ramos,PINDARÉ,Prof Santana,VEREADOR(A),142.0,Renata,ERLÂNIO
paulo ramos,PINDARÉ,Leo - amigo,LIDERANÇA,,-,
paulo ramos,PINDARÉ,Supl. Rogerinho,VEREADOR(A),246.0,Renata,ERLÂNIO
paulo ramos,PINDARÉ,Ver. Francimar,VEREADOR(A),927.0,Adailson Machado,ERLÂNIO
buriticupu,PINDARÉ,Ana França,,562.0,,
buriticupu,PINDARÉ,Geane,,,,
pindare mirim,PINDARÉ,Xavier Fortunato,,763.0,,
santa ines,PINDARÉ,daniel da pesca,,,,
tufilandia,PINDARÉ,Xavier Fortunato,VEREADOR(A),763.0,,
bacabeira,ROSARIO,Calvet - velho,PREFEITO(A),,Keliane Calvet,Larissa DP
icatu,ROSARIO,Gabriela do Marquinhos,VEREADOR(A),1100.0,Dr. Glaudson,ERLÂNIO
morros,ROSARIO,Daeli,PREFEITO(A),843.0,Eliene da Colônia,Fabio Macedo
capinzal do norte,ROSARIO,Antonio Carlos,PREFEITO(A),11257.0,Calvet Filho,Aluísio Mendes
capinzal do norte,ROSARIO,Antônio Carlos Moreira,,,,
capinzal do norte,ROSARIO,Whashiton,,,,
capinzal do norte,ROSARIO,Antônio Santa Rosa,VEREADOR(A),219.0,Calvet Filho,
capinzal do norte,ROSARIO,Eduardo,,,,
capinzal do norte,ROSARIO,Pastor Justino,,,,
capinzal do norte,ROSARIO,Wilson,,,,
capinzal do norte,ROSARIO,Zeza,,,,
capinzal do norte,ROSARIO,Cecivan,,,,
capinzal do norte,ROSARIO,James,,,,
estreito,PORTO FRANCO,Zé Maria Pernambuco,PREFEITO(A),3895.0,Zé Maria Pernambuco,Jr. Lourenço
