cd_ibge,municipio,cidade_norm,regiao_imediata,regiao_intermediaria,area_km2,lat,lon,dist_tuntum_km,CD_MUNICIPIO,total_dep_est_2018,fernando_pessoa_2018,pct_fernando_pessoa_2018,daniella_2018,pct_daniella_2018,total_dep_est_2022,daniella_2022,pct_daniella_2022,abigail_2022,pct_abigail_2022,eric_costa_2022,pct_eric_costa_2022,expectativa_total,total_liderancas,peso_medio_liderancas,forca_media_local,prefeito_apoia,sentimento_local_txt,cluster_v9,tem_campo,regiao_campo,eleitores_2026_est,pct_sobreposicao,votos_fieis_grupo,log_eleitores,pct_potencial_ml,votos_historico,votos_rede_campo,votos_projetados,votos_p10,votos_p90,votos_em_jogo,campo_por_mil_eleitores,segmento_id,segmento,acao_segmento,eleitor_eric_a_converter,ganho_visita,situacao_campo,secoes,locais_votacao,prioridade_dia_d,votos_por_secao
2100402,Altamira do Maranhão,altamira do maranhao,Bacabal,Santa Inês - Bacabal,524.374,-4.137415499999975,-45.51292976511255,178.4,7072,3780,1,0.03,5,0.13,4025,0,0.0,3,0.07,0,0.0,0.0,0.0,0.0,0.0,0.0,sem leitura,,0,,4146.0,0.0,0.0,8.300528606199737,0.01,0.0,0.0,0.0,0.0,1.0,1.0,0.0,1,Rede nova de campo,Converter a rede de lideranças em voto: logística e material.,0.0,0.0,Sem campo e sem histórico,20,9,0.0,0.0
2108900,Poção de Pedras,pocao de pedras,Pedreiras,Santa Inês - Bacabal,990.66,-4.789683089999929,-44.875935149713726,90.3,8753,11008,68,0.62,872,7.92,11397,0,0.0,6,0.05,24,0.21,0.0,0.0,0.0,0.0,0.0,sem leitura,,0,,11739.0,0.21,25.0,9.341193180394946,4.58,36.0,0.0,36.0,23.0,54.0,31.0,0.0,1,Rede nova de campo,Converter a rede de lideranças em voto: logística e material.,5.0,8.0,Sem campo e sem histórico,60,37,52.0,0.6
2100709,Anajatuba,anajatuba,Itapecuru Mirim,São Luís,940.489,-3.249119599999945,-44.59847691591964,263.1,7137,13687,17,0.12,4,0.03,14807,255,1.72,7,0.05,7,0.05,500.0,1.0,70.0,80.0,0.0,medio,Custo alto,1,BAIXADA,15251.0,0.05,8.0,9.602922854253334,0.22,10.0,250.0,252.0,132.0,410.0,278.0,33.76781252110488,0,Fora do radar,Não investir agenda nesta reta final.,2.0,69.0,Cobrar e confirmar,60,33,391.0,4.2
2108801,Pirapemas,pirapemas,Itapecuru Mirim,São Luís,688.761,-3.776000049999965,-44.16873440928675,216.7,8737,9204,0,0.0,6,0.07,9365,9,0.1,5,0.05,1,0.01,500.0,1.0,70.0,80.0,0.0,medio,Custo alto,1,MÉDIO ITAPECURU,9646.0,0.0,0.0,9.144841389743487,0.0,0.0,250.0,250.0,130.0,407.0,277.0,53.39028296849973,1,Rede nova de campo,Converter a rede de lideranças em voto: logística e material.,0.0,68.0,Cobrar e confirmar,41,10,388.0,6.1
2100600,Amarante do Maranhão,amarante do maranhao,Imperatriz,Imperatriz,7441.771,-5.3811011499999495,-46.61579470121887,196.4,7110,18890,141,0.75,12,0.06,20458,8,0.04,33,0.16,704,3.44,1500.0,1.0,70.0,80.0,0.0,medio,Custo alto,1,TOCANTINS MARANHENSE,21072.0,0.75,158.0,9.926178162455827,0.34,123.0,750.0,775.0,408.0,1260.0,852.0,73.3209502395151,1,Rede nova de campo,Converter a rede de lideranças em voto: logística e material.,35.0,218.0,Cobrar e confirmar,92,33,1201.0,8.4
2108108,Paulo Ramos,paulo ramos,Bacabal,Santa Inês - Bacabal,1168.608,-4.53061564999996,-45.386577574771806,132.8,9598,11239,153,1.36,0,0.0,12355,1,0.01,6,0.05,372,3.01,800.0,1.0,70.0,35.0,0.0,medio,Custo alto,1,PINDARÉ,12726.0,1.36,173.0,9.421897054038473,0.66,135.0,400.0,427.0,229.0,689.0,460.0,64.75111290975313,1,Rede nova de campo,Converter a rede de lideranças em voto: logística e material.,38.0,123.0,Cobrar e confirmar,54,26,657.0,7.9
2108207,Pedreiras,pedreiras,Pedreiras,Santa Inês - Bacabal,261.814,-4.656253849999954,-44.55114789415569,110.3,8613,21275,1198,5.63,124,0.58,23007,11,0.05,22,0.1,10,0.04,300.0,1.0,65.0,60.0,0.0,medio,Custo alto,1,MÉDIO MEARIM,23697.0,0.04,9.0,10.043597260520773,0.52,471.0,150.0,501.0,280.0,799.0,519.0,13.039509714434738,1,Rede nova de campo,Converter a rede de lideranças em voto: logística e material.,2.0,112.0,Base confirmada pela história,105,26,760.0,4.8
2108009,Pastos Bons,pastos bons,São João dos Patos,Presidente Dutra,1635.178,-6.64867124999995,-44.20017944056208,137.1,8591,10176,13,0.13,2819,27.7,11283,27,0.24,6,0.05,6,0.05,250.0,1.0,35.0,35.0,0.0,medio,Custo alto,1,CHAPADA DO ALTO,11621.0,0.05,6.0,9.331141072121888,1.01,8.0,125.0,127.0,66.0,205.0,139.0,22.157227687671718,1,Rede nova de campo,Converter a rede de lideranças em voto: logística e material.,1.0,34.0,Acompanhar,47,21,196.0,2.7
2108058,Paulino Neves,paulino neves,Tutóia - Araioses,São Luís,979.482,-2.8531855499999503,-42.58305239657996,396.0,8044,9735,6,0.06,33,0.34,11308,22,0.19,1,0.01,0,0.0,0.0,0.0,0.0,0.0,0.0,sem leitura,,0,,11647.0,0.0,0.0,9.333354147871328,0.43,2.0,0.0,2.0,1.0,4.0,3.0,0.0,0,Fora do radar,Não investir agenda nesta reta final.,0.0,1.0,Sem campo e sem histórico,56,31,4.0,0.0
2108405,Peri Mirim,peri mirim,Pinheiro,São Luís,397.993,-2.560163899999965,-44.92039911809468,338.2,8656,7873,0,0.0,22,0.28,8608,4,0.05,33,0.38,2,0.02,200.0,1.0,70.0,60.0,0.0,medio,Custo alto,1,BAIXADA,8866.0,0.0,0.0,9.060563446657955,0.0,0.0,100.0,100.0,52.0,164.0,112.0,23.234200743494423,0,Fora do radar,Não investir agenda nesta reta final.,0.0,27.0,Acompanhar,36,9,156.0,2.8
2100204,Alcântara,alcantara,São Luís,São Luís,1167.964,-2.39102474999996,-44.51335349022118,359.0,7030,12653,24,0.19,11,0.09,13322,9,0.07,5,0.04,4,0.03,0.0,0.0,0.0,0.0,0.0,sem leitura,,0,,13722.0,0.03,4.0,9.497247143960212,0.1,11.0,0.0,11.0,7.0,17.0,10.0,0.0,0,Fora do radar,Não investir agenda nesta reta final.,1.0,2.0,Sem campo e sem histórico,74,45,16.0,0.1
2108454,Peritoró,peritoro,Codó,Caxias,824.72,-4.408001649999935,-44.28132059402583,147.1,8087,11819,6,0.05,59,0.5,12519,16,0.13,6,0.05,3,0.02,0.0,0.0,0.0,0.0,0.0,sem leitura,,0,,12895.0,0.02,3.0,9.43508264465409,0.0,3.0,0.0,3.0,2.0,5.0,3.0,0.0,1,Rede nova de campo,Converter a rede de lideranças em voto: logística e material.,1.0,1.0,Sem campo e sem histórico,53,19,4.0,0.1
2108256,Pedro do Rosário,pedro do rosario,Pinheiro,São Luís,1753.867,-2.98744304999994,-45.42909231150119,297.5,8060,12148,3,0.02,6,0.05,13116,4,0.03,10,0.08,1,0.01,0.0,0.0,0.0,0.0,0.0,sem leitura,,0,,13509.0,0.01,1.0,9.481664377815145,0.02,2.0,0.0,2.0,1.0,2.0,1.0,0.0,0,Fora do radar,Não investir agenda nesta reta final.,0.0,0.0,Sem campo e sem histórico,64,29,2.0,0.0
2100055,Açailândia,acailandia,Açailândia,Imperatriz,5805.158,-4.70272119999993,-47.11303256396084,269.3,9610,56943,114,0.2,99,0.17,60130,2997,4.98,136,0.23,672,1.12,500.0,1.0,35.0,35.0,0.0,medio,Custo alto,1,TOCANTINS MARANHENSE,61934.0,0.2,124.0,11.004280794528954,0.03,97.0,250.0,269.0,144.0,430.0,286.0,8.315316813570597,4,Grandes centros,"Voto de opinião: redes sociais e mídia, não agenda presencial.",27.0,78.0,Cobrar e confirmar,243,53,412.0,1.1
2100154,Água Doce do Maranhão,agua doce do maranhao,Tutóia - Araioses,São Luís,442.292,-2.9235024999999557,-42.15494694872229,422.2,7005,7849,2,0.03,0,0.0,8313,0,0.0,2,0.02,0,0.0,0.0,0.0,0.0,0.0,0.0,sem leitura,,0,,8562.0,0.0,0.0,9.025696119812583,0.44,1.0,0.0,1.0,0.0,1.0,1.0,0.0,0,Fora do radar,Não investir agenda nesta reta final.,0.0,0.0,Sem campo e sem histórico,40,20,2.0,0.0
2108306,Penalva,penalva,Viana,São Luís,800.916,-3.24848074999997,-45.3250216850754,266.8,8630,16769,1,0.01,13,0.08,18914,9,0.05,5,0.03,0,0.0,500.0,1.0,100.0,100.0,0.0,medio,Custo alto,1,BAIXADA,19481.0,0.0,0.0,9.84771053706713,0.0,1.0,250.0,250.0,129.0,406.0,277.0,26.435444644178915,4,Grandes centros,"Voto de opinião: redes sociais e mídia, não agenda presencial.",0.0,68.0,Cobrar e confirmar,98,45,388.0,2.6
2100105,Afonso Cunha,afonso cunha,Caxias,Caxias,371.767,-4.22005619999993,-43.32970476055982,228.3,7013,4808,8,0.17,0,0.0,5426,210,3.87,0,0.0,0,0.0,0.0,0.0,0.0,0.0,0.0,sem leitura,,0,,5589.0,0.0,0.0,8.599141774063405,0.03,3.0,0.0,3.0,2.0,5.0,3.0,0.0,1,Rede nova de campo,Converter a rede de lideranças em voto: logística e material.,0.0,1.0,Sem campo e sem histórico,25,9,4.0,0.1
2107605,Palmeirândia,palmeirandia,Pinheiro,São Luís,532.161,-2.6888453999999653,-44.9873169095971,324.2,8516,11157,0,0.0,3,0.03,12140,0,0.0,1,0.01,1,0.01,100.0,1.0,65.0,35.0,0.0,medio,Custo alto,1,BAIXADA,12504.0,0.0,0.0,9.404343433543975,0.0,0.0,50.0,50.0,26.0,81.0,55.0,8.237232289950576,0,Fora do radar,Não investir agenda nesta reta final.,0.0,14.0,Acompanhar,55,19,78.0,0.9
2107704,Paraibano,paraibano,São João dos Patos,Presidente Dutra,530.517,-6.413590349999965,-43.9226969196853,137.1,8532,9921,335,3.38,595,6.0,10925,338,3.09,283,2.59,1,0.01,500.0,1.0,100.0,100.0,0.0,medio,Custo alto,1,CHAPADA DO ALTO,11253.0,0.01,1.0,9.298900548955663,0.17,134.0,250.0,277.0,156.0,446.0,290.0,45.76659038901602,1,Rede nova de campo,Converter a rede de lideranças em voto: logística e material.,0.0,70.0,Cobrar e confirmar,45,12,422.0,6.2
2107506,Paço do Lumiar,paco do lumiar,São Luís,São Luís,127.275,-2.504776999999935,-44.11893917588134,353.9,8494,54033,61,0.11,448,0.83,64006,432,0.67,110,0.17,33,0.05,100.0,1.0,70.0,60.0,0.0,medio,Custo alto,1,GRANDE SÃO LUÍS,65926.0,0.05,33.0,11.066747731360799,0.23,40.0,50.0,58.0,36.0,92.0,56.0,1.5623535293566229,4,Grandes centros,"Voto de opinião: redes sociais e mídia, não agenda presencial.",7.0,16.0,Acompanhar,247,44,86.0,0.2
2107902,Passagem Franca,passagem franca,São João dos Patos,Presidente Dutra,1358.327,-6.116000249999955,-43.75273318580396,134.7,8575,9921,29,0.29,15,0.15,10480,29,0.28,5,0.05,5,0.05,0.0,0.0,0.0,0.0,0.0,sem leitura,,0,,10794.0,0.05,5.0,9.257319373170178,0.97,13.0,0.0,13.0,8.0,20.0,12.0,0.0,1,Rede nova de campo,Converter a rede de lideranças em voto: logística e material.,1.0,3.0,Sem campo e sem histórico,46,16,19.0,0.3
2107803,Parnarama,parnarama,Timon,Caxias,3246.503,-5.5988758499999545,-43.435146380027774,157.1,8559,17988,33,0.18,29,0.16,18916,81,0.43,11,0.06,2,0.01,0.0,0.0,0.0,0.0,0.0,sem leitura,,0,,19483.0,0.01,2.0,9.847816267665664,0.26,13.0,0.0,13.0,7.0,21.0,14.0,0.0,4,Grandes centros,"Voto de opinião: redes sociais e mídia, não agenda presencial.",0.0,3.0,Sem campo e sem histórico,97,35,20.0,0.1
2107100,Morros,morros,São Luís,São Luís,1712.121,-2.9649496999999503,-43.803320326172354,315.5,8419,11345,17,0.15,1,0.01,12724,1,0.01,4,0.03,4,0.03,600.0,1.0,100.0,80.0,0.0,medio,Custo alto,1,ROSARIO,13106.0,0.03,4.0,9.451323841418724,0.21,9.0,300.0,302.0,156.0,491.0,335.0,47.15498270983967,0,Fora do radar,Não investir agenda nesta reta final.,1.0,82.0,Cobrar e confirmar,56,34,470.0,5.4
2107001,Montes Altos,montes altos,Imperatriz,Imperatriz,1489.198,-5.83800139999994,-47.09561209979481,249.3,8397,5347,174,3.25,3,0.06,5986,1,0.02,2,0.03,10,0.17,100.0,1.0,35.0,35.0,0.0,medio,Custo alto,1,TOCANTINS MARANHENSE,6166.0,0.17,10.0,8.697345730925353,0.11,75.0,50.0,85.0,51.0,132.0,81.0,16.70564650851988,1,Rede nova de campo,Converter a rede de lideranças em voto: logística e material.,2.0,19.0,Base confirmada pela história,23,9,126.0,3.7
2107357,Nova Olinda do Maranhão,nova olinda do maranhao,Santa Inês,Santa Inês - Bacabal,2452.615,-2.9474060499999557,-45.956335777730985,319.4,8001,9401,1,0.01,1,0.01,9841,4,0.04,4,0.04,0,0.0,0.0,0.0,0.0,0.0,0.0,sem leitura,,0,,10136.0,0.0,0.0,9.194414221425923,0.0,0.0,0.0,0.0,0.0,1.0,1.0,0.0,0,Fora do radar,Não investir agenda nesta reta final.,0.0,0.0,Sem campo e sem histórico,50,23,0.0,0.0
2107456,Olinda Nova do Maranhão,olinda nova do maranhao,Viana,São Luís,199.879,-2.982614549999965,-45.001967348874274,291.6,8028,6936,0,0.0,1,0.01,7826,1,0.01,1,0.01,0,0.0,0.0,0.0,0.0,0.0,0.0,sem leitura,,0,,8061.0,0.0,0.0,8.965334573804839,0.0,0.0,0.0,0.0,0.0,0.0,0.0,0.0,0,Fora do radar,Não investir agenda nesta reta final.,0.0,0.0,Sem campo e sem histórico,31,9,0.0,0.0
2107407,Olho d'Água das Cunhãs,olho d agua das cunhas,Bacabal,Santa Inês - Bacabal,695.333,-4.123106849999945,-45.1241521209076,167.0,8478,10429,4,0.04,1,0.01,11160,1,0.01,2,0.02,2,0.02,150.0,1.0,65.0,60.0,0.0,medio,Custo alto,1,MÉDIO MEARIM,11495.0,0.02,2.0,9.320180837655714,0.01,3.0,75.0,76.0,40.0,124.0,84.0,13.440860215053764,1,Rede nova de campo,Converter a rede de lideranças em voto: logística e material.,0.0,21.0,Acompanhar,52,29,118.0,1.5
2107258,Nova Colinas,nova colinas,Balsas,Imperatriz,743.11,-7.183978199999955,-46.2084078492069,230.9,7986,3381,18,0.53,17,0.5,3551,0,0.0,7,0.2,0,0.0,0.0,0.0,0.0,0.0,0.0,sem leitura,,0,,3658.0,0.0,0.0,8.17526610411206,0.14,7.0,0.0,7.0,4.0,11.0,7.0,0.0,1,Rede nova de campo,Converter a rede de lideranças em voto: logística e material.,0.0,1.0,Sem campo e sem histórico,15,7,10.0,0.5
2107209,Nina Rodrigues,nina rodrigues,Itapecuru Mirim,São Luís,570.938,-3.417120799999936,-43.83568094010303,267.9,8435,6636,1,0.02,1,0.02,7700,2,0.03,1,0.01,0,0.0,100.0,1.0,100.0,35.0,0.0,medio,Custo alto,1,MÉDIO ITAPECURU,7931.0,0.0,0.0,8.94910546953925,0.01,1.0,50.0,50.0,26.0,82.0,56.0,12.987012987012987,0,Fora do radar,Não investir agenda nesta reta final.,0.0,14.0,Acompanhar,35,20,78.0,1.4
2107308,Nova Iorque,nova iorque,São João dos Patos,Presidente Dutra,978.342,-6.773218799999935,-44.1444106171148,152.2,8451,2958,3,0.1,993,33.57,3069,199,6.48,1,0.03,0,0.0,0.0,0.0,0.0,0.0,0.0,sem leitura,,0,,3161.0,0.0,0.0,8.029432840581244,1.3,1.0,0.0,1.0,1.0,2.0,1.0,0.0,1,Rede nova de campo,Converter a rede de lideranças em voto: logística e material.,0.0,0.0,Sem campo e sem histórico,13,5,2.0,0.1
2106607,Matões,matoes,Timon,Caxias,2108.672,-5.37897504999995,-43.342344043531455,169.2,8311,17422,0,0.0,0,0.0,19281,40,0.21,9,0.05,0,0.0,0.0,0.0,0.0,0.0,0.0,sem leitura,,0,,19859.0,0.0,0.0,9.866927297224326,0.17,0.0,0.0,0.0,0.0,0.0,0.0,0.0,4,Grandes centros,"Voto de opinião: redes sociais e mídia, não agenda presencial.",0.0,0.0,Sem campo e sem histórico,91,35,0.0,0.0
2106672,Milagres do Maranhão,milagres do maranhao,Chapadinha,São Luís,634.818,-3.510659449999935,-42.806750227924425,324.9,7960,4160,0,0.0,2,0.05,4631,1,0.02,2,0.04,7,0.15,700.0,1.0,35.0,35.0,0.0,medio,Custo alto,1,CHAPADINHA,4770.0,0.0,0.0,8.440744019252831,0.22,0.0,350.0,350.0,182.0,568.0,386.0,151.15525804361909,0,Fora do radar,Não investir agenda nesta reta final.,0.0,95.0,Cobrar e confirmar,21,9,543.0,16.7
2106631,Matões do Norte,matoes do norte,Itapecuru Mirim,São Luís,794.454,-3.745586299999955,-44.46000175054563,210.9,7943,4825,0,0.0,0,0.0,5046,40,0.79,2,0.04,0,0.0,0.0,0.0,0.0,0.0,0.0,sem leitura,,0,,5197.0,0.0,0.0,8.526549286340263,0.1,0.0,0.0,0.0,0.0,0.0,0.0,0.0,1,Rede nova de campo,Converter a rede de lideranças em voto: logística e material.,0.0,0.0,Sem campo e sem histórico,19,10,0.0,0.0
2106508,Matinha,matinha,Viana,São Luís,410.633,-3.0578976499999757,-45.03922928879055,283.5,8290,13939,4,0.03,25,0.18,15312,19,0.12,0,0.0,0,0.0,0.0,0.0,0.0,0.0,0.0,sem leitura,,0,,15771.0,0.0,0.0,9.636457419815208,0.0,2.0,0.0,2.0,1.0,3.0,2.0,0.0,0,Fora do radar,Não investir agenda nesta reta final.,0.0,0.0,Sem campo e sem histórico,63,27,3.0,0.0
2106904,Monção,moncao,Santa Inês,Santa Inês - Bacabal,1245.548,-3.480934499999965,-45.32074873697755,241.4,8370,14767,2,0.01,7,0.05,14832,3,0.02,30,0.2,1,0.01,0.0,1.0,65.0,35.0,0.0,medio,Custo alto,0,BAIXADA,15277.0,0.01,2.0,9.604609707323613,0.02,1.0,0.0,1.0,1.0,2.0,1.0,0.0,4,Grandes centros,"Voto de opinião: redes sociais e mídia, não agenda presencial.",0.0,0.0,Sem campo e sem histórico,80,47,2.0,0.0
2106755,Miranda do Norte,miranda do norte,Itapecuru Mirim,São Luís,341.107,-3.55282274999996,-44.52975157062565,230.6,9695,11644,7,0.06,3,0.03,12447,153,1.23,15,0.12,0,0.0,150.0,1.0,35.0,35.0,0.0,medio,Custo alto,1,MÉDIO ITAPECURU,12820.0,0.0,0.0,9.429315246418172,0.16,3.0,75.0,76.0,39.0,123.0,84.0,12.05109664979513,1,Rede nova de campo,Converter a rede de lideranças em voto: logística e material.,0.0,21.0,Acompanhar,57,16,118.0,1.3
2106706,Mirador,mirador,Colinas,Presidente Dutra,8522.882,-6.40309769999996,-44.8321579178818,89.2,8338,11049,56,0.51,243,2.2,12302,10,0.08,1897,15.42,5,0.04,500.0,1.0,100.0,100.0,0.0,medio,Custo alto,1,CHAPADA DO ALTO,12671.0,0.04,5.0,9.41759841406017,3.51,25.0,250.0,255.0,134.0,415.0,281.0,40.64379775646236,1,Rede nova de campo,Converter a rede de lideranças em voto: logística e material.,1.0,69.0,Cobrar e confirmar,49,12,396.0,5.2
2106805,Mirinzal,mirinzal,Cururupu,São Luís,686.944,-2.0697844999999697,-44.84546240989245,392.7,8354,7931,2,0.03,16,0.2,8657,26,0.3,2,0.02,0,0.0,0.0,0.0,0.0,0.0,0.0,sem leitura,,0,,8917.0,0.0,0.0,9.066239028001926,0.0,1.0,0.0,1.0,1.0,2.0,1.0,0.0,0,Fora do radar,Não investir agenda nesta reta final.,0.0,0.0,Sem campo e sem histórico,38,15,2.0,0.0
2106102,Loreto,loreto,Balsas,Imperatriz,3596.74,-7.202082099999955,-45.17007282663696,181.4,8214,6102,2,0.03,4,0.07,6566,0,0.0,13,0.2,1,0.02,0.0,0.0,0.0,0.0,0.0,sem leitura,,0,,6763.0,0.02,1.0,8.789812386190972,0.2,1.0,0.0,1.0,1.0,2.0,1.0,0.0,1,Rede nova de campo,Converter a rede de lideranças em voto: logística e material.,0.0,0.0,Sem campo e sem histórico,32,11,2.0,0.0
2105989,Lajeado Novo,lajeado novo,Imperatriz,Imperatriz,1063.62,-6.102299854999956,-46.97458788977893,241.0,7862,4670,5,0.11,2,0.04,4953,4,0.08,2,0.04,3,0.06,0.0,0.0,0.0,0.0,0.0,sem leitura,,0,,5102.0,0.06,3.0,8.507950610049305,0.05,3.0,0.0,3.0,2.0,5.0,3.0,0.0,0,Fora do radar,Não investir agenda nesta reta final.,1.0,1.0,Sem campo e sem histórico,21,6,4.0,0.1
2105963,Lagoa Grande do Maranhão,lagoa grande do maranhao,Bacabal,Santa Inês - Bacabal,744.199,-4.91262299999994,-45.421356704246506,99.0,7846,6586,732,11.11,5,0.08,7297,0,0.0,23,0.32,84,1.15,0.0,0.0,0.0,0.0,0.0,sem leitura,,0,,7516.0,1.15,86.0,8.895355616996392,4.73,329.0,0.0,329.0,191.0,514.0,323.0,0.0,1,Rede nova de campo,Converter a rede de lideranças em voto: logística e material.,19.0,70.0,Voto sem liderança: nomear responsável,29,12,490.0,11.3
2105948,Lago dos Rodrigues,lago dos rodrigues,Pedreiras,Santa Inês - Bacabal,220.776,-4.589078799999955,-44.942759761380245,113.0,7803,6246,7,0.11,8,0.13,6545,7,0.11,1,0.02,5,0.08,0.0,0.0,0.0,0.0,0.0,sem leitura,,0,,6741.0,0.08,5.0,8.786609455061125,0.32,5.0,0.0,5.0,3.0,7.0,4.0,0.0,1,Rede nova de campo,Converter a rede de lideranças em voto: logística e material.,1.0,1.0,Sem campo e sem histórico,29,17,7.0,0.2
2106003,Lima Campos,lima campos,Pedreiras,Santa Inês - Bacabal,321.932,-4.57072569999994,-44.4466154654632,123.2,8192,7417,50,0.67,7,0.09,8388,2,0.02,4,0.05,1,0.01,0.0,0.0,0.0,0.0,0.0,sem leitura,,0,,8640.0,0.01,1.0,9.034676602846295,1.49,21.0,0.0,21.0,11.0,33.0,22.0,0.0,1,Rede nova de campo,Converter a rede de lideranças em voto: logística e material.,0.0,4.0,Sem campo e sem histórico,40,20,32.0,0.5
2106359,Marajá do Sena,maraja do sena,Bacabal,Santa Inês - Bacabal,1402.593,-4.75061459999995,-45.62089483726294,127.0,7900,4626,13,0.28,0,0.0,4681,0,0.0,11,0.23,20,0.43,0.0,0.0,0.0,0.0,0.0,sem leitura,,0,,4821.0,0.28,13.0,8.451480648050856,0.82,11.0,0.0,11.0,7.0,16.0,9.0,0.0,1,Rede nova de campo,Converter a rede de lideranças em voto: logística e material.,3.0,3.0,Sem campo e sem histórico,24,16,16.0,0.5
2106326,Maracaçumé,maracacume,Governador Nunes Freire,Santa Inês - Bacabal,635.758,-2.007776299999965,-45.980581151058914,418.6,7889,10095,12,0.12,15,0.15,10910,20,0.18,10,0.09,17,0.16,300.0,1.0,70.0,60.0,0.0,medio,Custo alto,1,GURUPI,11237.0,0.12,13.0,9.297526733655099,0.16,11.0,150.0,152.0,80.0,246.0,166.0,27.497708524289642,0,Fora do radar,Não investir agenda nesta reta final.,3.0,42.0,Acompanhar,48,12,235.0,3.2
2106409,Mata Roma,mata roma,Chapadinha,São Luís,548.581,-3.650473249999945,-43.24008199073761,281.2,8273,11207,6,0.05,1,0.01,12254,1,0.01,1,0.01,0,0.0,450.0,1.0,70.0,80.0,0.0,medio,Custo alto,1,CHAPADINHA,12622.0,0.0,0.0,9.413689295962213,0.08,2.0,225.0,225.0,117.0,367.0,250.0,36.72270279092541,0,Fora do radar,Não investir agenda nesta reta final.,0.0,61.0,Acompanhar,47,23,350.0,4.8
2106375,Maranhãozinho,maranhaozinho,Governador Nunes Freire,Santa Inês - Bacabal,781.676,-2.4248427999999347,-45.96023697583139,373.9,7927,5692,0,0.0,1,0.02,6119,8,0.13,4,0.07,0,0.0,0.0,0.0,0.0,0.0,0.0,sem leitura,,0,,6303.0,0.0,0.0,8.719317375506371,0.02,0.0,0.0,0.0,0.0,0.0,0.0,0.0,0,Fora do radar,Não investir agenda nesta reta final.,0.0,0.0,Sem campo e sem histórico,29,10,0.0,0.0
2106201,Luís Domingues,luis domingues,Governador Nunes Freire,Santa Inês - Bacabal,467.251,-1.368255749999945,-45.87306355786163,484.1,8230,4151,0,0.0,311,7.49,4469,1,0.02,8,0.18,0,0.0,100.0,1.0,70.0,35.0,0.0,medio,Custo alto,1,GURUPI,4603.0,0.0,0.0,8.405143687607614,0.32,0.0,50.0,50.0,26.0,82.0,56.0,22.376370552696354,0,Fora do radar,Não investir agenda nesta reta final.,0.0,14.0,Acompanhar,20,6,78.0,2.5
2106300,Magalhães de Almeida,magalhaes de almeida,Tutóia - Araioses,São Luís,434.433,-3.323104249999945,-42.20087801277233,388.2,8257,8722,1,0.01,2,0.02,9572,1,0.01,5,0.05,0,0.0,0.0,0.0,0.0,0.0,0.0,sem leitura,,0,,9859.0,0.0,0.0,9.166701914946353,1.05,0.0,0.0,0.0,0.0,1.0,1.0,0.0,0,Fora do radar,Não investir agenda nesta reta final.,0.0,0.0,Sem campo e sem histórico,48,19,0.0,0.0
2105658,Junco do Maranhão,junco do maranhao,Governador Nunes Freire,Santa Inês - Bacabal,568.499,-1.867367199999965,-46.0929176846449,437.3,7781,3777,0,0.0,4,0.11,3693,0,0.0,4,0.11,3,0.08,0.0,0.0,0.0,0.0,0.0,sem leitura,,0,,3804.0,0.0,0.0,8.214465160759186,0.18,0.0,0.0,0.0,0.0,0.0,0.0,0.0,0,Fora do radar,Não investir agenda nesta reta final.,0.0,0.0,Sem campo e sem histórico,17,7,0.0,0.0
2105609,Joselândia,joselandia,Pedreiras,Santa Inês - Bacabal,703.094,-5.019002899999945,-44.77766479210644,65.3,8117,8012,117,1.46,457,5.7,9375,14,0.15,675,7.2,615,6.56,350.0,1.0,35.0,35.0,0.0,medio,Custo alto,1,ALTO MEARIM,9656.0,1.46,141.0,9.145908511816794,3.03,110.0,175.0,197.0,114.0,316.0,202.0,37.333333333333336,1,Rede nova de campo,Converter a rede de lideranças em voto: logística e material.,31.0,58.0,Acompanhar,38,16,298.0,5.2
2105476,Jenipapo dos Vieiras,jenipapo dos vieiras,Barra do Corda,Imperatriz,1962.362,-5.41532289999995,-45.58825541204878,83.7,7765,8735,378,4.33,30,0.34,9950,1,0.01,2970,29.85,211,2.12,700.0,1.0,100.0,100.0,0.0,medio,Custo alto,1,ALTO MEARIM,10248.0,2.12,217.0,9.205428327615163,20.85,249.0,350.0,400.0,239.0,636.0,397.0,70.35175879396985,3,Território Abigail,Disputa direta: presença pessoal e lideranças fortes.,48.0,111.0,Acompanhar,48,32,598.0,8.3
2105450,Jatobá,jatoba,Colinas,Presidente Dutra,591.637,-5.85876494999997,-44.28648314006202,69.1,7749,4824,111,2.3,24,0.5,5187,46,0.89,8,0.15,4,0.08,1200.0,1.0,100.0,100.0,0.0,medio,Custo alto,1,CHAPADA,5343.0,0.08,4.0,8.554103545436334,0.61,45.0,600.0,609.0,318.0,985.0,667.0,231.3475997686524,1,Rede nova de campo,Converter a rede de lideranças em voto: logística e material.,1.0,164.0,Cobrar e confirmar,24,8,942.0,25.4
2105427,Itinga do Maranhão,itinga do maranhao,Açailândia,Imperatriz,3583.423,-4.165871099999945,-47.17355989368828,302.4,7722,12641,124,0.98,27,0.21,13789,19,0.14,22,0.16,28,0.2,0.0,0.0,0.0,0.0,0.0,sem leitura,,0,,14203.0,0.2,28.0,9.531698970787348,0.11,61.0,0.0,61.0,37.0,93.0,56.0,0.0,0,Fora do radar,Não investir agenda nesta reta final.,6.0,13.0,Sem campo e sem histórico,63,19,89.0,1.0
2105500,João Lisboa,joao lisboa,Imperatriz,Imperatriz,1135.08,-5.240463999999944,-47.090757044029104,250.7,8095,14411,12,0.08,25,0.17,16781,16,0.1,71,0.42,40,0.24,150.0,1.0,35.0,35.0,0.0,medio,Custo alto,1,TOCANTINS MARANHENSE,17284.0,0.08,14.0,9.728062162430014,0.98,11.0,75.0,77.0,41.0,125.0,84.0,8.938680650735952,4,Grandes centros,"Voto de opinião: redes sociais e mídia, não agenda presencial.",3.0,21.0,Acompanhar,70,30,119.0,1.1
2114007,Zé Doca,ze doca,Santa Inês,Santa Inês - Bacabal,2140.109,-3.2494481499999504,-45.97520250194934,289.5,9717,23837,17,0.07,3,0.01,24547,2,0.01,23,0.09,0,0.0,0.0,0.0,0.0,0.0,0.0,sem leitura,,0,,25283.0,0.0,0.0,10.108385663508988,0.16,6.0,0.0,6.0,3.0,10.0,7.0,0.0,4,Grandes centros,"Voto de opinião: redes sociais e mídia, não agenda presencial.",0.0,1.0,Sem campo e sem histórico,108,41,10.0,0.1
2105807,Lago do Junco,lago do junco,Pedreiras,Santa Inês - Bacabal,328.525,-4.54173499999996,-45.00147700588008,118.9,8150,6285,7,0.11,0,0.0,6434,1,0.02,3,0.05,13,0.2,0.0,0.0,0.0,0.0,0.0,sem leitura,,0,,6627.0,0.11,7.0,8.769507120030227,0.96,6.0,0.0,6.0,4.0,8.0,4.0,0.0,1,Rede nova de campo,Converter a rede de lideranças em voto: logística e material.,2.0,1.0,Sem campo e sem histórico,32,19,8.0,0.2
2105922,Lagoa do Mato,lagoa do mato,São João dos Patos,Presidente Dutra,1512.985,-6.00651304999994,-43.48647829775398,158.0,7820,6060,11,0.18,14,0.23,6121,2,0.03,2,0.03,0,0.0,300.0,1.0,35.0,35.0,0.0,medio,Custo alto,1,CHAPADA,6305.0,0.0,0.0,8.719644119505357,0.09,4.0,150.0,151.0,78.0,244.0,166.0,49.01159941186081,1,Rede nova de campo,Converter a rede de lideranças em voto: logística e material.,0.0,41.0,Acompanhar,31,13,234.0,4.9
2105906,Lago Verde,lago verde,Bacabal,Santa Inês - Bacabal,631.455,-3.98167504999995,-44.90098212411321,180.2,8176,8491,7,0.08,0,0.0,9297,0,0.0,4,0.04,0,0.0,600.0,1.0,35.0,35.0,0.0,medio,Custo alto,1,MÉDIO MEARIM,9576.0,0.0,0.0,9.13755460225053,0.0,3.0,300.0,301.0,155.0,490.0,335.0,64.53694740238787,1,Rede nova de campo,Converter a rede de lideranças em voto: logística e material.,0.0,82.0,Cobrar e confirmar,44,18,468.0,6.8
2105708,Lago da Pedra,lago da pedra,Bacabal,Santa Inês - Bacabal,1240.446,-4.720722649999975,-45.2592861313332,107.7,8133,24478,83,0.34,35,0.14,26166,2,0.01,31,0.12,5807,22.19,1500.0,2.0,52.5,57.5,0.0,medio,Custo alto,1,MÉDIO MEARIM,26951.0,0.34,92.0,10.172254353874754,18.98,71.0,750.0,764.0,400.0,1243.0,843.0,57.32630130703967,1,Rede nova de campo,Converter a rede de lideranças em voto: logística e material.,20.0,212.0,Cobrar e confirmar,109,44,1186.0,7.0
2105153,Igarapé do Meio,igarape do meio,Santa Inês,Santa Inês - Bacabal,368.703,-3.65316569999996,-45.12642322525048,218.7,7684,8310,1,0.01,0,0.0,8526,1,0.01,18,0.21,0,0.0,0.0,0.0,0.0,0.0,0.0,sem leitura,,0,,8782.0,0.0,0.0,9.050992878742049,0.0,0.0,0.0,0.0,0.0,0.0,0.0,0.0,1,Rede nova de campo,Converter a rede de lideranças em voto: logística e material.,0.0,0.0,Sem campo e sem histórico,43,19,0.0,0.0
2105104,Icatu,icatu,São Luís,São Luís,1124.446,-2.599777599999955,-43.82104480708561,352.9,7994,15213,23,0.15,1,0.01,17648,48,0.27,5,0.03,0,0.0,800.0,1.0,70.0,100.0,0.0,medio,Custo alto,1,ROSARIO,18177.0,0.0,0.0,9.778434403532566,0.11,10.0,400.0,402.0,208.0,656.0,448.0,45.33091568449683,0,Fora do radar,Não investir agenda nesta reta final.,0.0,110.0,Cobrar e confirmar,85,51,626.0,4.7
2104909,Guimarães,guimaraes,Cururupu,São Luís,478.857,-2.154718249999945,-44.680786411431,383.7,7951,6837,0,0.0,11,0.16,7181,3,0.04,2,0.03,0,0.0,0.0,0.0,0.0,0.0,0.0,sem leitura,,0,,7396.0,0.0,0.0,8.879333174786028,0.02,0.0,0.0,0.0,0.0,0.0,0.0,0.0,0,Fora do radar,Não investir agenda nesta reta final.,0.0,0.0,Sem campo e sem histórico,33,20,0.0,0.0
2105005,Humberto de Campos,humberto de campos,Barreirinhas,São Luís,1714.625,-2.72782399999994,-43.57224427938013,349.7,7978,15366,8,0.05,70,0.46,17602,1,0.01,2,0.01,0,0.0,0.0,0.0,0.0,0.0,0.0,sem leitura,,0,,18130.0,0.0,0.0,9.775824621045972,0.21,3.0,0.0,3.0,2.0,5.0,3.0,0.0,0,Fora do radar,Não investir agenda nesta reta final.,0.0,1.0,Sem campo e sem histórico,88,42,4.0,0.0
2105302,Imperatriz,imperatriz,Imperatriz,Imperatriz,1369.039,-5.390559149999945,-47.576111681283166,302.1,8036,137178,1109,0.81,333,0.24,147348,110,0.07,330,0.22,1210,0.82,500.0,1.0,70.0,100.0,0.0,medio,Custo alto,1,TOCANTINS MARANHENSE,151768.0,0.81,1229.0,11.900559201580206,0.13,959.0,250.0,1009.0,655.0,1489.0,834.0,3.3933273610771777,4,Grandes centros,"Voto de opinião: redes sociais e mídia, não agenda presencial.",270.0,260.0,Base confirmada pela história,519,95,1426.0,1.9
2105401,Itapecuru Mirim,itapecuru mirim,Itapecuru Mirim,São Luís,1480.641,-3.36291979999996,-44.28437848643902,256.8,8079,33474,23,0.07,12,0.04,35071,25,0.07,13,0.04,4,0.01,250.0,1.0,70.0,60.0,0.0,medio,Custo alto,1,MÉDIO ITAPECURU,36123.0,0.01,4.0,10.465158370307687,0.0,10.0,125.0,127.0,66.0,207.0,141.0,7.128396681018505,4,Grandes centros,"Voto de opinião: redes sociais e mídia, não agenda presencial.",1.0,35.0,Acompanhar,156,58,198.0,0.8
2105351,Itaipava do Grajaú,itaipava do grajau,Barra do Corda,Imperatriz,1244.398,-5.21705714999996,-45.78350339484172,111.3,7706,6868,2062,30.02,2,0.03,7831,0,0.0,2012,25.69,3282,41.91,0.0,0.0,0.0,0.0,0.0,sem leitura,,0,,8066.0,30.02,2421.0,8.965973184210347,1.72,1889.0,0.0,1889.0,1219.0,2777.0,1558.0,0.0,2,Fortaleza Pessoa,Blindar: garantir que todo eleitor saiba que agora o voto é Bruna.,533.0,472.0,Voto sem liderança: nomear responsável,33,19,2668.0,57.2
2105203,Igarapé Grande,igarape grande,Pedreiras,Santa Inês - Bacabal,346.218,-4.582860499999955,-44.844054275177726,113.2,8010,6353,14,0.22,4,0.06,6799,0,0.0,7,0.1,5,0.07,0.0,0.0,0.0,0.0,0.0,sem leitura,,0,,7003.0,0.07,5.0,8.824677891164198,0.9,8.0,0.0,8.0,5.0,11.0,6.0,0.0,1,Rede nova de campo,Converter a rede de lideranças em voto: logística e material.,1.0,2.0,Sem campo e sem histórico,33,16,11.0,0.2
2104552,Governador Edison Lobão,governador edison lobao,Imperatriz,Imperatriz,615.957,-5.72738173999997,-47.31328315238835,272.4,7609,10731,12,0.11,164,1.53,11447,2,0.02,4,0.03,23,0.2,600.0,1.0,35.0,35.0,0.0,medio,Custo alto,1,TOCANTINS MARANHENSE,11790.0,0.11,13.0,9.345570321236286,0.85,10.0,300.0,302.0,156.0,489.0,333.0,52.41548003843802,0,Fora do radar,Não investir agenda nesta reta final.,3.0,83.0,Cobrar e confirmar,41,12,468.0,7.4
2112803,Viana,viana,Viana,São Luís,1166.745,-3.130463899999965,-45.18554942788147,277.2,9490,27835,3,0.01,951,3.42,29697,20,0.07,2,0.01,3,0.01,200.0,1.0,65.0,60.0,0.0,medio,Custo alto,1,BAIXADA,30588.0,0.01,3.0,10.298834982456007,0.39,2.0,100.0,100.0,52.0,163.0,111.0,6.734687005421423,4,Grandes centros,"Voto de opinião: redes sociais e mídia, não agenda presencial.",1.0,28.0,Acompanhar,130,62,156.0,0.8
2104628,Governador Luiz Rocha,governador luiz rocha,Presidente Dutra,Presidente Dutra,401.587,-5.54080719999996,-44.08315504214798,85.7,7625,4244,47,1.11,391,9.21,4740,253,5.34,5,0.11,11,0.23,200.0,1.0,70.0,35.0,0.0,medio,Custo alto,1,CENTRO MARANHENSE,4882.0,0.23,11.0,8.464003362902119,1.43,24.0,100.0,105.0,56.0,169.0,113.0,42.19409282700422,1,Rede nova de campo,Converter a rede de lideranças em voto: logística e material.,2.0,28.0,Acompanhar,21,9,162.0,5.0
2104602,Governador Eugênio Barros,governador eugenio barros,Presidente Dutra,Presidente Dutra,647.015,-5.351518499999945,-44.0873721219986,89.4,7897,8044,248,3.08,154,1.91,8356,145,1.74,6,0.07,365,4.37,200.0,1.0,100.0,100.0,0.0,medio,Custo alto,1,CENTRO MARANHENSE,8607.0,3.08,265.0,9.030854790001436,2.17,207.0,100.0,227.0,148.0,333.0,185.0,23.934897079942555,1,Rede nova de campo,Converter a rede de lideranças em voto: logística e material.,58.0,59.0,Base confirmada pela história,44,25,320.0,5.2
2112605,Urbano Santos,urbano santos,Chapadinha,São Luís,1706.196,-3.283672499999965,-43.29742732284528,310.2,9458,17176,3,0.02,3,0.02,19285,4,0.02,7,0.04,0,0.0,0.0,0.0,0.0,0.0,0.0,sem leitura,,0,,19864.0,0.0,0.0,9.867134723070329,0.06,1.0,0.0,1.0,1.0,2.0,1.0,0.0,4,Grandes centros,"Voto de opinião: redes sociais e mídia, não agenda presencial.",0.0,0.0,Sem campo e sem histórico,74,27,2.0,0.0
2104404,Gonçalves Dias,goncalves dias,Presidente Dutra,Presidente Dutra,883.588,-5.153154049999955,-44.17255586478639,90.5,7854,9029,418,4.63,189,2.09,9613,63,0.66,48,0.5,21,0.22,1200.0,1.0,100.0,100.0,0.0,medio,Custo alto,1,CENTRO MARANHENSE,9901.0,0.22,22.0,9.170975648453906,0.82,170.0,600.0,634.0,339.0,1023.0,684.0,124.83095807760324,1,Rede nova de campo,Converter a rede de lideranças em voto: logística e material.,5.0,168.0,Cobrar e confirmar,48,15,976.0,13.2
2112704,Vargem Grande,vargem grande,Itapecuru Mirim,São Luís,1958.702,-3.74430849999996,-43.84383395934592,234.9,9474,22119,13,0.06,10,0.05,24103,149,0.62,22,0.09,3,0.01,300.0,1.0,70.0,60.0,0.0,medio,Custo alto,1,MÉDIO ITAPECURU,24826.0,0.01,2.0,10.090133080810137,0.22,6.0,150.0,151.0,79.0,246.0,167.0,12.446583412853172,4,Grandes centros,"Voto de opinião: redes sociais e mídia, não agenda presencial.",0.0,41.0,Acompanhar,99,38,234.0,1.5
2104503,Governador Archer,governador archer,Presidente Dutra,Presidente Dutra,445.857,-5.00475924999995,-44.196602738562135,98.6,7870,5916,42,0.71,611,10.33,6178,7,0.11,23,0.37,36,0.58,1000.0,1.0,100.0,35.0,0.0,medio,Custo alto,1,CENTRO MARANHENSE,6363.0,0.58,37.0,8.72891172506098,2.71,32.0,500.0,506.0,264.0,823.0,559.0,161.86468112657818,1,Rede nova de campo,Converter a rede de lideranças em voto: logística e material.,8.0,139.0,Cobrar e confirmar,30,16,786.0,16.9
2113009,Vitorino Freire,vitorino freire,Bacabal,Santa Inês - Bacabal,1193.386,-4.156166849999945,-45.29572383595428,167.9,9539,17431,1,0.01,2,0.01,17958,1,0.01,5,0.03,6,0.03,300.0,1.0,35.0,35.0,0.0,medio,Custo alto,1,BAIXADA,18497.0,0.01,2.0,9.795846661018736,0.16,1.0,150.0,150.0,78.0,245.0,167.0,16.70564650851988,1,Rede nova de campo,Converter a rede de lideranças em voto: logística e material.,0.0,41.0,Acompanhar,85,39,234.0,1.8
2104800,Grajaú,grajau,Barra do Corda,Imperatriz,8861.696,-5.810093699999955,-45.98291851102027,126.9,7935,33931,2065,6.09,53,0.16,38373,7,0.02,1568,4.09,1628,4.24,1000.0,1.0,100.0,100.0,0.0,medio,Custo alto,1,CENTRO MARANHENSE,39524.0,4.24,1676.0,10.555135425918044,3.33,1563.0,500.0,1663.0,1082.0,2436.0,1354.0,26.059990097203762,4,Grandes centros,"Voto de opinião: redes sociais e mídia, não agenda presencial.",369.0,406.0,Base confirmada pela história,149,50,2340.0,11.2
2112902,Vitória do Mearim,vitoria do mearim,Viana,São Luís,715.625,-3.54980034999994,-44.92692092577957,228.3,9512,17654,3,0.02,0,0.0,18357,3,0.02,2,0.01,7,0.04,0.0,0.0,0.0,0.0,0.0,sem leitura,,0,,18908.0,0.02,4.0,9.817820725779036,0.11,3.0,0.0,3.0,2.0,4.0,2.0,0.0,4,Grandes centros,"Voto de opinião: redes sociais e mídia, não agenda presencial.",1.0,1.0,Sem campo e sem histórico,92,33,4.0,0.0
2104701,Graça Aranha,graca aranha,Presidente Dutra,Presidente Dutra,271.445,-5.391549799999955,-44.33020889414044,62.6,7919,4229,17,0.4,273,6.46,4793,920,19.19,3,0.06,7,0.15,0.0,0.0,0.0,0.0,0.0,sem leitura,,0,,4937.0,0.15,7.0,8.475120414994329,3.15,10.0,0.0,10.0,6.0,15.0,9.0,0.0,5,Área Daniella,Baixa sobreposição: só entrar com liderança já comprometida.,2.0,2.0,Sem campo e sem histórico,22,9,14.0,0.5
2112852,Vila Nova dos Martírios,vila nova dos martirios,Imperatriz,Imperatriz,1190.008,-5.039730549999975,-48.09760528887669,364.4,8621,5565,5,0.09,3,0.05,6389,2,0.03,1,0.02,117,1.83,0.0,0.0,0.0,0.0,0.0,sem leitura,,0,,6581.0,0.09,6.0,8.762489547371581,0.07,5.0,0.0,5.0,3.0,7.0,4.0,0.0,0,Fora do radar,Não investir agenda nesta reta final.,1.0,1.0,Sem campo e sem histórico,26,6,7.0,0.2
2104677,Governador Nunes Freire,governador nunes freire,Governador Nunes Freire,Santa Inês - Bacabal,1049.208,-2.03724349999993,-45.80406614652789,410.0,7668,12284,18,0.15,8,0.07,12894,638,4.95,2,0.02,0,0.0,100.0,1.0,35.0,35.0,0.0,medio,Custo alto,1,GURUPI,13281.0,0.0,0.0,9.464594918315445,0.0,7.0,50.0,51.0,27.0,84.0,57.0,7.755545214828603,0,Fora do radar,Não investir agenda nesta reta final.,0.0,14.0,Acompanhar,63,24,80.0,0.8
2104651,Governador Newton Bello,governador newton bello,Santa Inês,Santa Inês - Bacabal,1144.146,-3.403007299999955,-45.94400625638232,272.6,7641,5428,0,0.0,6,0.11,5758,0,0.0,24,0.42,0,0.0,0.0,0.0,0.0,0.0,0.0,sem leitura,,0,,5931.0,0.0,0.0,8.658519127506672,0.02,0.0,0.0,0.0,0.0,0.0,0.0,0.0,0,Fora do radar,Não investir agenda nesta reta final.,0.0,0.0,Sem campo e sem histórico,32,19,0.0,0.0
2112233,Trizidela do Vale,trizidela do vale,Pedreiras,Santa Inês - Bacabal,291.61,-4.55124694999995,-44.67984257175814,118.4,8567,11838,713,6.02,191,1.61,13325,1,0.01,5,0.04,3,0.02,300.0,1.0,100.0,100.0,0.0,medio,Custo alto,1,MÉDIO MEARIM,13725.0,0.02,3.0,9.497472293122483,0.54,290.0,150.0,320.0,184.0,510.0,326.0,22.5140712945591,1,Rede nova de campo,Converter a rede de lideranças em voto: logística e material.,1.0,73.0,Base confirmada pela história,56,15,483.0,5.7
2104057,Estreito,estreito,Imperatriz,Imperatriz,2719.964,-6.763191749999949,-47.1816161048496,287.8,9636,16920,35,0.21,42,0.25,17922,1,0.01,14,0.08,14,0.08,1500.0,1.0,100.0,100.0,0.0,medio,Custo alto,1,PORTO FRANCO,18460.0,0.08,15.0,9.793840083231597,0.49,20.0,750.0,754.0,391.0,1223.0,832.0,83.69601606963508,4,Grandes centros,"Voto de opinião: redes sociais e mídia, não agenda presencial.",3.0,205.0,Cobrar e confirmar,69,12,1170.0,10.9
2112209,Timon,timon,Timon,Caxias,1763.219,-5.174323849999951,-42.99037806526255,211.8,9377,89147,116,0.13,36,0.04,96967,734,0.76,72,0.07,27,0.03,1500.0,1.0,70.0,80.0,0.0,medio,Custo alto,1,CAXIAS,99876.0,0.03,30.0,11.482136306150348,0.34,58.0,750.0,762.0,399.0,1234.0,835.0,15.46918023657533,4,Grandes centros,"Voto de opinião: redes sociais e mídia, não agenda presencial.",7.0,207.0,Cobrar e confirmar,360,59,1180.0,2.1
2104008,Esperantinópolis,esperantinopolis,Pedreiras,Santa Inês - Bacabal,452.402,-4.91944874999996,-44.90860018602394,76.0,7773,10347,1258,12.16,11,0.11,11048,4,0.04,45,0.41,91,0.82,800.0,1.0,100.0,100.0,0.0,medio,Custo alto,1,MÉDIO MEARIM,11379.0,0.82,93.0,9.310095205113175,3.45,524.0,400.0,604.0,377.0,952.0,575.0,72.41129616220131,1,Rede nova de campo,Converter a rede de lideranças em voto: logística e material.,20.0,141.0,Base confirmada pela história,54,31,892.0,11.2
2112308,Tuntum,tuntum,Presidente Dutra,Presidente Dutra,3369.119,-5.601283549999945,-44.85500830301537,0.0,9393,19632,6603,33.63,6486,33.04,21478,125,0.58,129,0.6,9862,45.92,10000.0,1.0,100.0,100.0,1.0,alto,Expansão quente,1,ALTO MEARIM,22122.0,33.63,7440.0,9.974830992604263,1.42,5803.0,5000.0,10995.0,9039.0,12810.0,3771.0,465.5926995064717,2,Fortaleza Pessoa,Blindar: garantir que todo eleitor saiba que agora o voto é Bruna.,1637.0,1745.0,Base confirmada pela história,88,29,12880.0,124.9
2104107,Fortaleza dos Nogueiras,fortaleza dos nogueiras,Balsas,Imperatriz,1853.382,-6.96172254999996,-46.09557367649349,204.2,7790,7516,6,0.08,3,0.04,8140,0,0.0,45,0.55,2,0.02,300.0,1.0,35.0,80.0,0.0,medio,Custo alto,1,CHAPADA DAS MANGABEIRAS,8384.0,0.02,2.0,9.004668301573977,0.0,3.0,150.0,151.0,78.0,245.0,167.0,36.85503685503686,1,Rede nova de campo,Converter a rede de lideranças em voto: logística e material.,0.0,41.0,Acompanhar,30,12,234.0,5.0
2104099,Formosa da Serra Negra,formosa da serra negra,Barra do Corda,Imperatriz,3690.633,-6.58656359999995,-46.15257449798629,180.5,7560,9642,3,0.03,2,0.02,10472,3,0.03,1061,10.13,322,3.07,0.0,0.0,0.0,0.0,0.0,sem leitura,,0,,10786.0,0.03,3.0,9.256555795773146,0.62,3.0,0.0,3.0,2.0,4.0,2.0,0.0,1,Rede nova de campo,Converter a rede de lideranças em voto: logística e material.,1.0,1.0,Sem campo e sem histórico,40,21,4.0,0.1
2112274,Tufilândia,tufilandia,Santa Inês,Santa Inês - Bacabal,270.934,-3.760991049999945,-45.57687405210962,219.7,8583,4369,16,0.37,1,0.02,4449,0,0.0,9,0.2,12,0.27,400.0,1.0,70.0,80.0,0.0,medio,Custo alto,1,PINDARÉ,4582.0,0.27,12.0,8.400659375160286,0.01,11.0,200.0,202.0,106.0,329.0,223.0,89.90784445942909,1,Rede nova de campo,Converter a rede de lideranças em voto: logística e material.,3.0,56.0,Acompanhar,21,12,314.0,9.6
2104081,Fernando Falcão,fernando falcao,Barra do Corda,Imperatriz,5086.59,-6.194071849999945,-45.29208858523168,81.7,7544,6255,1148,18.35,104,1.66,7370,1510,20.49,3757,50.98,501,6.8,1000.0,1.0,35.0,35.0,0.0,medio,Custo alto,1,ALTO MEARIM,7591.0,6.8,516.0,8.905308661189288,1.99,710.0,500.0,810.0,525.0,1215.0,690.0,135.68521031207598,3,Território Abigail,Disputa direta: presença pessoal e lideranças fortes.,114.0,197.0,Base confirmada pela história,31,15,1155.0,26.1
2104073,Feira Nova do Maranhão,feira nova do maranhao,Balsas,Imperatriz,1626.052,-7.0465558999999605,-46.64993605039438,255.3,7528,4635,93,2.01,1,0.02,5023,0,0.0,7,0.14,1,0.02,0.0,0.0,0.0,0.0,0.0,sem leitura,,0,,5174.0,0.02,1.0,8.521981708148035,0.07,37.0,0.0,37.0,20.0,59.0,39.0,0.0,0,Fora do radar,Não investir agenda nesta reta final.,0.0,8.0,Sem campo e sem histórico,20,7,56.0,1.8
2112100,Timbiras,timbiras,Codó,Caxias,1486.582,-4.17119859999994,-43.78155391017273,198.6,9350,13728,124,0.9,2,0.01,14824,4,0.03,5,0.03,15,0.1,0.0,0.0,0.0,0.0,0.0,sem leitura,,0,,15269.0,0.1,15.0,9.604070223865927,0.23,55.0,0.0,55.0,32.0,84.0,52.0,0.0,1,Rede nova de campo,Converter a rede de lideranças em voto: logística e material.,3.0,11.0,Sem campo e sem histórico,61,17,81.0,0.9
2103901,Duque Bacelar,duque bacelar,Caxias,Caxias,317.494,-4.1042080999999655,-42.9637539678895,267.6,7757,6896,0,0.0,1,0.01,7410,0,0.0,4,0.05,0,0.0,0.0,0.0,0.0,0.0,0.0,sem leitura,,0,,7632.0,0.0,0.0,8.910720661951359,0.0,0.0,0.0,0.0,0.0,0.0,0.0,0.0,0,Fora do radar,Não investir agenda nesta reta final.,0.0,0.0,Sem campo e sem histórico,36,14,0.0,0.0
2112506,Tutóia,tutoia,Tutóia - Araioses,São Luís,1566.081,-2.92560349999994,-42.37504425987965,405.1,9431,26600,332,1.25,6,0.02,30474,649,2.13,18,0.06,2,0.01,0.0,0.0,0.0,0.0,0.0,sem leitura,,0,,31388.0,0.01,3.0,10.324661954349473,0.56,139.0,0.0,139.0,75.0,223.0,148.0,0.0,4,Grandes centros,"Voto de opinião: redes sociais e mídia, não agenda presencial.",1.0,30.0,Sem campo e sem histórico,132,54,213.0,1.1
2104305,Godofredo Viana,godofredo viana,Governador Nunes Freire,Santa Inês - Bacabal,725.707,-1.360366749999945,-45.71202694026828,481.1,7838,5313,0,0.0,8,0.15,6301,16,0.25,14,0.22,1,0.02,0.0,0.0,0.0,0.0,0.0,sem leitura,,0,,6490.0,0.0,0.0,8.74862232231722,0.06,0.0,0.0,0.0,0.0,0.0,0.0,0.0,0,Fora do radar,Não investir agenda nesta reta final.,0.0,0.0,Sem campo e sem histórico,30,15,0.0,0.0
2112456,Turilândia,turilandia,Pinheiro,São Luís,1507.976,-2.120404299999965,-45.445819381605055,392.6,8605,9778,11,0.11,1,0.01,11046,4,0.04,0,0.0,0,0.0,0.0,0.0,0.0,0.0,0.0,sem leitura,,0,,11377.0,0.0,0.0,9.309914176872276,0.04,4.0,0.0,4.0,2.0,7.0,5.0,0.0,0,Fora do radar,Não investir agenda nesta reta final.,0.0,1.0,Sem campo e sem histórico,64,32,6.0,0.1
2112407,Turiaçu,turiacu,Pinheiro,São Luís,2622.281,-1.7108398499999549,-45.5184636605121,438.8,9415,19242,113,0.59,10,0.05,21240,212,1.0,0,0.0,34,0.16,500.0,1.0,70.0,80.0,0.0,medio,Custo alto,1,GURUPI,21877.0,0.16,35.0,9.963688555226884,0.2,60.0,250.0,262.0,140.0,424.0,284.0,23.540489642184557,0,Fora do radar,Não investir agenda nesta reta final.,8.0,72.0,Cobrar e confirmar,106,70,404.0,2.5
2111748,Senador Alexandre Costa,senador alexandre costa,Presidente Dutra,Presidente Dutra,426.431,-5.26397389999994,-43.962981039008696,105.6,8486,5436,5,0.09,12,0.22,6045,176,2.91,0,0.0,6,0.1,300.0,1.0,70.0,60.0,0.0,medio,Custo alto,1,CENTRO MARANHENSE,6226.0,0.09,6.0,8.707152175339404,3.71,4.0,150.0,151.0,79.0,246.0,167.0,49.62779156327544,1,Rede nova de campo,Converter a rede de lideranças em voto: logística e material.,1.0,41.0,Acompanhar,29,12,234.0,5.2
2104206,Fortuna,fortuna,Presidente Dutra,Presidente Dutra,835.668,-5.608721849999935,-43.967412460989095,98.2,7811,8680,695,8.01,1020,11.75,9456,7,0.07,5,0.05,9,0.1,100.0,1.0,70.0,35.0,0.0,medio,Custo alto,1,CENTRO MARANHENSE,9740.0,0.1,10.0,9.154510487015513,0.53,277.0,50.0,287.0,161.0,461.0,300.0,10.575296108291033,1,Rede nova de campo,Converter a rede de lideranças em voto: logística e material.,2.0,63.0,Base confirmada pela história,42,20,437.0,6.8
2103554,Conceição do Lago-Açu,conceicao do lago acu,Bacabal,Santa Inês - Bacabal,727.133,-3.79093224999994,-44.829994114424345,201.3,7501,7909,2,0.03,218,2.76,8846,0,0.0,2,0.02,1,0.01,0.0,0.0,0.0,0.0,0.0,sem leitura,,0,,9111.0,0.01,1.0,9.087833697483386,0.32,1.0,0.0,1.0,1.0,2.0,1.0,0.0,1,Rede nova de campo,Converter a rede de lideranças em voto: logística e material.,0.0,0.0,Sem campo e sem histórico,42,15,2.0,0.0
2111722,Satubinha,satubinha,Bacabal,Santa Inês - Bacabal,441.807,-3.939403499999945,-45.26441254901711,190.3,8460,4269,0,0.0,0,0.0,5453,0,0.0,1,0.02,0,0.0,0.0,0.0,0.0,0.0,0.0,sem leitura,,0,,5617.0,0.0,0.0,8.604104563405533,0.0,0.0,0.0,0.0,0.0,0.0,0.0,0.0,1,Rede nova de campo,Converter a rede de lideranças em voto: logística e material.,0.0,0.0,Sem campo e sem histórico,28,14,0.0,0.0
2111706,São Vicente Ferrer,sao vicente ferrer,Viana,São Luís,393.927,-2.87347769999994,-44.9341089271025,303.4,9270,10718,2,0.02,1,0.01,11728,12,0.1,8,0.07,1,0.01,600.0,1.0,35.0,35.0,0.0,medio,Custo alto,1,BAIXADA,12080.0,0.01,1.0,9.369819686521504,0.0,1.0,300.0,300.0,155.0,492.0,337.0,51.15961800818554,0,Fora do radar,Não investir agenda nesta reta final.,0.0,82.0,Cobrar e confirmar,57,19,468.0,5.3
2103505,Colinas,colinas,Colinas,Presidente Dutra,1978.668,-6.083780849999956,-44.102784666671866,99.0,7676,19500,938,4.81,155,0.79,21380,414,1.94,121,0.57,65,0.3,0.0,0.0,0.0,0.0,0.0,sem leitura,,0,,22021.0,0.3,66.0,9.97025795616998,5.79,399.0,0.0,399.0,225.0,633.0,408.0,0.0,1,Rede nova de campo,Converter a rede de lideranças em voto: logística e material.,15.0,86.0,Voto sem liderança: nomear responsável,82,20,603.0,4.9
2111805,Sítio Novo,sitio novo,Barra do Corda,Imperatriz,3114.682,-6.27522724999997,-46.5541174074484,202.3,9296,11011,21,0.19,27,0.25,11403,3,0.03,317,2.78,11,0.1,0.0,0.0,0.0,0.0,0.0,sem leitura,,0,,11745.0,0.1,12.0,9.341719450032562,0.42,13.0,0.0,13.0,8.0,19.0,11.0,0.0,1,Rede nova de campo,Converter a rede de lideranças em voto: logística e material.,3.0,3.0,Sem campo e sem histórico,46,16,18.0,0.3
2111789,Serrano do Maranhão,serrano do maranhao,Cururupu,São Luís,1185.31,-1.886178549999955,-45.04179515982396,413.6,8524,5704,0,0.0,1,0.02,6740,0,0.0,0,0.0,1,0.01,200.0,1.0,100.0,80.0,0.0,medio,Custo alto,1,LITORAL,6942.0,0.0,0.0,8.815963560853438,0.0,0.0,100.0,100.0,52.0,163.0,111.0,29.673590504451038,0,Fora do radar,Não investir agenda nesta reta final.,0.0,27.0,Acompanhar,35,20,156.0,2.9
2103604,Coroatá,coroata,Codó,Caxias,2263.692,-4.1910277999999455,-44.14040259535911,175.7,7692,32252,12,0.04,18,0.06,33085,23,0.07,11,0.03,19,0.06,200.0,1.0,70.0,80.0,0.0,medio,Custo alto,1,CODÓ,34078.0,0.04,14.0,10.406865511166961,0.08,11.0,100.0,102.0,54.0,166.0,112.0,6.045035514583648,4,Grandes centros,"Voto de opinião: redes sociais e mídia, não agenda presencial.",3.0,28.0,Acompanhar,143,38,158.0,0.7
2111763,Senador La Rocque,senador la rocque,Imperatriz,Imperatriz,737.078,-5.3818200999999455,-47.142302655107656,254.3,8508,8742,3,0.03,46,0.53,9400,2,0.02,8,0.09,359,3.82,500.0,1.0,35.0,35.0,0.0,medio,Custo alto,1,TOCANTINS MARANHENSE,9682.0,0.03,3.0,9.148571345578551,0.98,2.0,250.0,250.0,130.0,407.0,277.0,53.191489361702125,1,Rede nova de campo,Converter a rede de lideranças em voto: logística e material.,1.0,68.0,Cobrar e confirmar,43,16,388.0,5.8
2111607,São Raimundo das Mangabeiras,sao raimundo das mangabeiras,Balsas,Imperatriz,3523.94,-7.05340419999996,-45.66814667788051,184.8,9253,10706,39,0.36,8,0.07,11909,2,0.02,793,6.66,132,1.11,1250.0,1.0,35.0,35.0,0.0,medio,Custo alto,1,CHAPADA DAS MANGABEIRAS,12266.0,0.36,44.0,9.385133662349347,0.49,34.0,625.0,632.0,330.0,1023.0,693.0,104.96263330254429,1,Rede nova de campo,Converter a rede de lideranças em voto: logística e material.,10.0,173.0,Cobrar e confirmar,51,13,978.0,12.4
2103406,Coelho Neto,coelho neto,Caxias,Caxias,976.653,-4.2322788999999545,-43.10916543363603,246.1,7650,24105,233,0.97,1,0.0,24750,123,0.5,21,0.08,1,0.0,150.0,1.0,70.0,60.0,0.0,medio,Custo alto,1,COELHO NETO,25492.0,0.0,0.0,10.11662117122102,0.05,87.0,75.0,102.0,65.0,167.0,102.0,6.0606060606060606,4,Grandes centros,"Voto de opinião: redes sociais e mídia, não agenda presencial.",0.0,24.0,Base confirmada pela história,101,29,153.0,1.0
2111573,São Pedro dos Crentes,sao pedro dos crentes,Barra do Corda,Imperatriz,979.559,-6.8502707999999455,-46.80791360340688,256.7,8400,3039,2,0.07,4,0.13,3644,0,0.0,216,5.93,0,0.0,0.0,0.0,0.0,0.0,0.0,sem leitura,,0,,3753.0,0.0,0.0,8.201111644442758,1.31,1.0,0.0,1.0,0.0,1.0,1.0,0.0,0,Fora do radar,Não investir agenda nesta reta final.,0.0,0.0,Sem campo e sem histórico,14,4,2.0,0.1
2111672,São Roberto,sao roberto,Pedreiras,Santa Inês - Bacabal,226.811,-5.02242684999993,-45.03259669813289,67.3,8443,3430,93,2.71,1,0.03,3571,2,0.06,43,1.2,203,5.68,0.0,0.0,0.0,0.0,0.0,sem leitura,,0,,3678.0,2.71,100.0,8.18088094199639,11.08,78.0,0.0,78.0,50.0,114.0,64.0,0.0,1,Rede nova de campo,Converter a rede de lideranças em voto: logística e material.,22.0,19.0,Sem campo e sem histórico,17,10,110.0,4.6
2111631,São Raimundo do Doca Bezerra,sao raimundo do doca bezerra,Pedreiras,Santa Inês - Bacabal,419.55,-5.102873149999935,-45.16046851290629,64.9,8427,3847,404,10.5,2,0.05,3945,0,0.0,1844,46.74,77,1.95,0.0,0.0,0.0,0.0,0.0,sem leitura,,0,,4063.0,1.95,79.0,8.28045768658256,6.22,183.0,0.0,183.0,110.0,281.0,171.0,0.0,3,Território Abigail,Disputa direta: presença pessoal e lideranças fortes.,17.0,39.0,Sem campo e sem histórico,22,10,268.0,8.3
2112001,Tasso Fragoso,tasso fragoso,Balsas,Imperatriz,4369.318,-8.30854094999995,-45.888086904782114,321.9,9334,4936,0,0.0,3,0.06,5528,1,0.02,51,0.92,0,0.0,0.0,0.0,0.0,0.0,0.0,sem leitura,,0,,5694.0,0.0,0.0,8.617762246337932,0.32,0.0,0.0,0.0,0.0,0.0,0.0,0.0,0,Fora do radar,Não investir agenda nesta reta final.,0.0,0.0,Sem campo e sem histórico,24,8,0.0,0.0
2103802,Dom Pedro,dom pedro,Presidente Dutra,Presidente Dutra,358.493,-5.02109969999995,-44.39890006441726,81.9,7730,13363,104,0.78,731,5.47,13932,352,2.53,602,4.32,17,0.12,2000.0,2.0,52.5,57.5,0.0,medio,Custo alto,1,CENTRO MARANHENSE,14350.0,0.12,17.0,9.542015406113592,2.14,47.0,1000.0,1009.0,525.0,1638.0,1113.0,143.5544071202986,1,Rede nova de campo,Converter a rede de lideranças em voto: logística e material.,4.0,274.0,Cobrar e confirmar,60,21,1566.0,16.8
2111953,Sucupira do Riachão,sucupira do riachao,São João dos Patos,Presidente Dutra,862.226,-6.43378269999994,-43.51211188429743,175.0,8540,2928,42,1.43,105,3.59,3433,0,0.0,1,0.03,1,0.03,0.0,0.0,0.0,0.0,0.0,sem leitura,,0,,3536.0,0.03,1.0,8.141481041457421,0.24,18.0,0.0,18.0,10.0,29.0,19.0,0.0,1,Rede nova de campo,Converter a rede de lideranças em voto: logística e material.,0.0,4.0,Sem campo e sem histórico,15,7,28.0,1.2
2103752,Davinópolis,davinopolis,Imperatriz,Imperatriz,332.249,-5.58383031249997,-47.32380733656445,273.2,7242,8483,18,0.21,14,0.17,9040,1,0.01,14,0.15,230,2.54,0.0,0.0,0.0,0.0,0.0,sem leitura,,0,,9311.0,0.21,20.0,9.109525066737367,0.46,15.0,0.0,15.0,10.0,22.0,12.0,0.0,0,Fora do radar,Não investir agenda nesta reta final.,4.0,4.0,Sem campo e sem histórico,33,7,21.0,0.5
2111904,Sucupira do Norte,sucupira do norte,Colinas,Presidente Dutra,1074.435,-6.503124199999975,-44.3274794344038,116.0,9318,6122,26,0.42,991,16.19,6714,897,13.36,149,2.22,9,0.13,0.0,0.0,0.0,0.0,0.0,sem leitura,,0,,6915.0,0.13,9.0,8.812099108957337,1.21,14.0,0.0,14.0,9.0,21.0,12.0,0.0,5,Área Daniella,Baixa sobreposição: só entrar com liderança já comprometida.,2.0,3.0,Sem campo e sem histórico,29,8,20.0,0.5
2103703,Cururupu,cururupu,Cururupu,São Luís,1255.667,-1.748376299999935,-44.80760849490348,428.5,7714,16743,4,0.02,5,0.03,19713,26,0.13,4,0.02,5,0.03,0.0,0.0,0.0,0.0,0.0,sem leitura,,0,,20304.0,0.02,4.0,9.889084322225385,0.12,3.0,0.0,3.0,2.0,5.0,3.0,0.0,0,Fora do radar,Não investir agenda nesta reta final.,1.0,1.0,Sem campo e sem histórico,99,45,4.0,0.0
2111201,São José de Ribamar,sao jose de ribamar,São Luís,São Luís,180.266,-2.582141049999935,-44.13828937571657,345.0,8893,83864,263,0.31,225,0.27,95232,126,0.13,135,0.14,224,0.24,700.0,1.0,70.0,100.0,0.0,medio,Custo alto,1,GRANDE SÃO LUÍS,98089.0,0.24,235.0,11.46408179936962,0.21,208.0,350.0,392.0,224.0,628.0,404.0,7.350470430107527,4,Grandes centros,"Voto de opinião: redes sociais e mídia, não agenda presencial.",52.0,114.0,Cobrar e confirmar,345,99,594.0,1.1
2103000,Caxias,caxias,Caxias,Caxias,5200.625,-4.847488849999936,-43.318077957445965,189.7,7579,80112,27,0.03,47,0.06,86856,17128,19.72,73,0.08,21,0.02,0.0,0.0,0.0,0.0,0.0,sem leitura,,0,,89462.0,0.02,18.0,11.372018367154796,0.1,17.0,0.0,17.0,11.0,25.0,14.0,0.0,5,Área Daniella,Baixa sobreposição: só entrar com liderança já comprometida.,4.0,4.0,Sem campo e sem histórico,366,119,24.0,0.0
2111300,São Luís,sao luis,São Luís,São Luís,583.063,-2.63626494999994,-44.27200313205382,336.0,9210,588118,1175,0.2,2314,0.39,631910,2974,0.47,1547,0.24,608,0.1,0.0,0.0,35.0,35.0,0.0,medio,Custo alto,0,,650867.0,0.1,651.0,13.356503840427726,0.14,735.0,0.0,735.0,475.0,1085.0,610.0,0.0,4,Grandes centros,"Voto de opinião: redes sociais e mídia, não agenda presencial.",143.0,165.0,Voto sem liderança: nomear responsável,2150,264,1040.0,0.3
2103109,Cedral,cedral,Cururupu,São Luís,285.211,-1.97682964999993,-44.56116448523071,404.3,7595,6005,10,0.17,8,0.13,6765,23,0.34,6,0.09,1,0.01,0.0,0.0,0.0,0.0,0.0,sem leitura,,0,,6968.0,0.01,1.0,8.819665349340653,0.0,4.0,0.0,4.0,3.0,7.0,4.0,0.0,0,Fora do radar,Não investir agenda nesta reta final.,0.0,1.0,Sem campo e sem histórico,35,13,6.0,0.1
2111250,São José dos Basílios,sao jose dos basilios,Presidente Dutra,Presidente Dutra,353.72,-5.015334449999955,-44.55253209027168,73.3,8362,4376,70,1.6,372,8.5,4973,78,1.57,19,0.38,15,0.3,0.0,0.0,0.0,0.0,0.0,sem leitura,,0,,5122.0,0.3,15.0,8.51197962436335,1.37,35.0,0.0,35.0,21.0,54.0,33.0,0.0,1,Rede nova de campo,Converter a rede de lideranças em voto: logística e material.,3.0,8.0,Sem campo e sem histórico,22,15,52.0,1.6
2111102,São João dos Patos,sao joao dos patos,São João dos Patos,Presidente Dutra,1483.255,-6.565176449999965,-43.64574823556392,171.4,9199,13867,281,2.03,2392,17.25,15223,243,1.6,9,0.06,7,0.05,1500.0,1.0,70.0,100.0,0.0,medio,Custo alto,1,CHAPADA DO ALTO,15680.0,0.05,8.0,9.630628408975985,0.56,115.0,750.0,773.0,406.0,1246.0,840.0,98.53511134467583,1,Rede nova de campo,Converter a rede de lideranças em voto: logística e material.,2.0,206.0,Cobrar e confirmar,69,19,1193.0,11.2
2102903,Carutapera,carutapera,Governador Nunes Freire,Santa Inês - Bacabal,1260.569,-1.39746894999996,-46.04557270904043,485.8,7552,12930,0,0.0,12,0.09,14141,0,0.0,84,0.59,0,0.0,200.0,1.0,70.0,60.0,0.0,medio,Custo alto,1,GURUPI,14565.0,0.0,0.0,9.556904372164187,0.04,0.0,100.0,100.0,52.0,164.0,112.0,14.143271338660632,0,Fora do radar,Não investir agenda nesta reta final.,0.0,27.0,Acompanhar,68,26,156.0,1.5
2111078,São João do Soter,sao joao do soter,Caxias,Caxias,1438.066,-5.031755499999945,-43.75583523607669,137.2,8346,9312,114,1.22,1,0.01,10519,1196,11.37,2,0.02,3,0.03,200.0,1.0,70.0,60.0,0.0,medio,Custo alto,1,CAXIAS,10835.0,0.03,3.0,9.261033486291701,0.46,48.0,100.0,110.0,61.0,176.0,115.0,19.01321418385778,5,Área Daniella,Baixa sobreposição: só entrar com liderança já comprometida.,1.0,28.0,Acompanhar,46,13,168.0,2.4
2111052,São João do Paraíso,sao joao do paraiso,Imperatriz,Imperatriz,2052.328,-6.43991049999997,-46.906947422980494,245.3,8320,6241,7,0.11,36,0.58,6716,0,0.0,9,0.13,33,0.49,0.0,0.0,0.0,0.0,0.0,sem leitura,,0,,6917.0,0.11,8.0,8.812396905266864,1.03,6.0,0.0,6.0,4.0,9.0,5.0,0.0,0,Fora do radar,Não investir agenda nesta reta final.,2.0,2.0,Sem campo e sem histórico,32,12,8.0,0.2
2103257,Cidelândia,cidelandia,Imperatriz,Imperatriz,1462.81,-5.055550749999955,-47.81004653173586,332.7,7480,7947,7,0.09,5,0.06,8515,6,0.07,9,0.11,528,6.2,0.0,0.0,0.0,0.0,0.0,sem leitura,,0,,8770.0,0.09,8.0,9.049702026013371,0.22,6.0,0.0,6.0,4.0,9.0,5.0,0.0,0,Fora do radar,Não investir agenda nesta reta final.,2.0,2.0,Sem campo e sem histórico,35,15,8.0,0.2
2111532,São Pedro da Água Branca,sao pedro da agua branca,Imperatriz,Imperatriz,720.461,-5.1390478499999706,-48.34487520350841,389.8,8389,6487,1,0.02,0,0.0,7072,1,0.01,1,0.01,11,0.16,0.0,0.0,0.0,0.0,0.0,sem leitura,,0,,7284.0,0.02,1.0,8.86403999703599,0.49,1.0,0.0,1.0,1.0,2.0,1.0,0.0,0,Fora do radar,Não investir agenda nesta reta final.,0.0,0.0,Sem campo e sem histórico,29,6,2.0,0.0
2111508,São Mateus do Maranhão,sao mateus do maranhao,Bacabal,Santa Inês - Bacabal,800.045,-3.98646289999996,-44.50554180845839,183.7,9237,19007,5,0.03,21,0.11,21128,4,0.02,499,2.36,3,0.01,0.0,0.0,0.0,0.0,0.0,sem leitura,,0,,21762.0,0.01,2.0,9.95840178341352,0.0,3.0,0.0,3.0,2.0,5.0,3.0,0.0,4,Grandes centros,"Voto de opinião: redes sociais e mídia, não agenda presencial.",0.0,1.0,Sem campo e sem histórico,83,24,4.0,0.0
2103307,Codó,codo,Codó,Caxias,4361.6,-4.618667049999945,-43.92584524485071,150.1,7633,53592,36,0.07,121,0.23,58215,295,0.51,23,0.04,12,0.02,200.0,1.0,35.0,30.0,0.0,medio,Custo alto,1,CODÓ,59961.0,0.02,12.0,10.971915510026923,0.27,20.0,100.0,104.0,55.0,167.0,112.0,3.43554066821266,4,Grandes centros,"Voto de opinião: redes sociais e mídia, não agenda presencial.",3.0,28.0,Acompanhar,246,59,160.0,0.4
2103174,Centro Novo do Maranhão,centro novo do maranhao,Governador Nunes Freire,Santa Inês - Bacabal,8401.002,-3.068257649999965,-46.47689522380264,334.2,7463,8158,1,0.01,0,0.0,9262,4,0.04,4,0.04,0,0.0,0.0,0.0,0.0,0.0,0.0,sem leitura,,0,,9540.0,0.0,0.0,9.133783249254028,0.0,0.0,0.0,0.0,0.0,1.0,1.0,0.0,0,Fora do radar,Não investir agenda nesta reta final.,0.0,0.0,Sem campo e sem histórico,47,24,0.0,0.0
2103158,Centro do Guilherme,centro do guilherme,Governador Nunes Freire,Santa Inês - Bacabal,1134.646,-2.413185899999945,-46.11531015833332,381.1,7447,5429,0,0.0,0,0.0,5824,0,0.0,2,0.03,3,0.05,0.0,0.0,0.0,0.0,0.0,sem leitura,,0,,5999.0,0.0,0.0,8.669914278433902,0.08,0.0,0.0,0.0,0.0,0.0,0.0,0.0,0,Fora do radar,Não investir agenda nesta reta final.,0.0,0.0,Sem campo e sem histórico,24,9,0.0,0.0
2103125,Central do Maranhão,central do maranhao,Cururupu,São Luís,319.538,-2.25535354999994,-44.83433676440427,372.1,7420,4584,0,0.0,0,0.0,5478,2,0.04,0,0.0,0,0.0,0.0,0.0,0.0,0.0,0.0,sem leitura,,0,,5642.0,0.0,0.0,8.608677881538416,0.04,0.0,0.0,0.0,0.0,0.0,0.0,0.0,0,Fora do radar,Não investir agenda nesta reta final.,0.0,0.0,Sem campo e sem histórico,28,9,0.0,0.0
2111409,São Luís Gonzaga do Maranhão,sao luis gonzaga do maranhao,Bacabal,Santa Inês - Bacabal,909.164,-4.357328299999979,-44.62283267832681,140.7,8052,12540,60,0.48,4,0.03,12832,103,0.8,3,0.02,1,0.01,500.0,1.0,100.0,100.0,0.0,medio,Custo alto,1,MÉDIO MEARIM,13217.0,0.01,1.0,9.459775257244461,0.84,23.0,250.0,255.0,133.0,414.0,281.0,38.96508728179551,1,Rede nova de campo,Converter a rede de lideranças em voto: logística e material.,0.0,69.0,Cobrar e confirmar,50,16,396.0,5.1
2103208,Chapadinha,chapadinha,Chapadinha,São Luís,3248.774,-3.772515099999965,-43.43296449931263,257.3,7617,40093,447,1.11,3,0.01,44423,3,0.01,7,0.02,105,0.24,500.0,1.0,35.0,35.0,0.0,medio,Custo alto,1,CHAPADINHA,45756.0,0.24,110.0,10.701535142921443,0.25,225.0,250.0,295.0,190.0,482.0,292.0,11.255430745334625,4,Grandes centros,"Voto de opinião: redes sociais e mídia, não agenda presencial.",24.0,78.0,Acompanhar,175,75,441.0,1.7
2110708,São Domingos do Maranhão,sao domingos do maranhao,Presidente Dutra,Presidente Dutra,1151.978,-5.666591699999945,-44.31787425840457,59.9,9113,19907,65,0.33,568,2.85,21641,1112,5.14,66,0.3,759,3.51,2000.0,1.0,70.0,100.0,0.0,medio,Custo alto,1,CENTRO MARANHENSE,22290.0,0.33,74.0,9.982391150131594,5.25,57.0,1000.0,1011.0,535.0,1640.0,1105.0,92.41717111039232,1,Rede nova de campo,Converter a rede de lideranças em voto: logística e material.,16.0,276.0,Cobrar e confirmar,93,41,1564.0,10.9
2102507,Cajari,cajari,Viana,São Luís,662.066,-3.4046834999999502,-45.04485041849003,245.2,7471,10753,0,0.0,5,0.05,12039,5,0.04,0,0.0,1,0.01,0.0,0.0,0.0,0.0,0.0,sem leitura,,0,,12400.0,0.0,0.0,9.395989718862811,0.11,0.0,0.0,0.0,0.0,0.0,0.0,0.0,0,Fora do radar,Não investir agenda nesta reta final.,0.0,0.0,Sem campo e sem histórico,53,24,0.0,0.0
2102556,Campestre do Maranhão,campestre do maranhao,Imperatriz,Imperatriz,613.529,-6.178110499999975,-47.24049643070411,271.5,7382,6948,4,0.06,5,0.07,7452,0,0.0,10,0.13,0,0.0,0.0,0.0,0.0,0.0,0.0,sem leitura,,0,,7676.0,0.0,0.0,8.916371914881694,0.0,2.0,0.0,2.0,1.0,3.0,2.0,0.0,0,Fora do radar,Não investir agenda nesta reta final.,0.0,0.0,Sem campo e sem histórico,34,9,3.0,0.1
2102374,Cachoeira Grande,cachoeira grande,São Luís,São Luís,707.236,-3.092323899999965,-43.88976310771296,298.8,7226,5422,3,0.06,2,0.04,6515,2,0.03,0,0.0,0,0.0,0.0,0.0,0.0,0.0,0.0,sem leitura,,0,,6710.0,0.0,0.0,8.782015969721936,0.0,1.0,0.0,1.0,1.0,2.0,1.0,0.0,0,Fora do radar,Não investir agenda nesta reta final.,0.0,0.0,Sem campo e sem histórico,31,16,2.0,0.0
2102358,Buritirana,buritirana,Imperatriz,Imperatriz,821.261,-5.512552649999945,-47.093468381606186,247.9,7366,8217,8,0.1,5,0.06,8906,3,0.03,31,0.35,555,6.23,250.0,1.0,70.0,35.0,0.0,medio,Custo alto,1,TOCANTINS MARANHENSE,9173.0,0.1,9.0,9.09459276343187,1.14,7.0,125.0,126.0,66.0,206.0,140.0,28.070963395463732,1,Rede nova de campo,Converter a rede de lideranças em voto: logística e material.,2.0,35.0,Acompanhar,40,17,196.0,3.2
2110658,São Domingos do Azeitão,sao domingos do azeitao,São João dos Patos,Presidente Dutra,961.153,-6.852227549999951,-44.60124241113351,141.9,8265,4514,8,0.18,30,0.66,5190,1,0.02,5,0.1,0,0.0,0.0,0.0,0.0,0.0,0.0,sem leitura,,0,,5346.0,0.0,0.0,8.55468163582723,0.59,3.0,0.0,3.0,2.0,5.0,3.0,0.0,1,Rede nova de campo,Converter a rede de lideranças em voto: logística e material.,0.0,1.0,Sem campo e sem histórico,22,9,4.0,0.1
2110609,São Bernardo,sao bernardo,Tutóia - Araioses,São Luís,1005.823,-3.28810674999997,-42.413656630187205,373.4,9091,15091,269,1.78,1,0.01,16706,3,0.02,1,0.01,3,0.02,100.0,1.0,35.0,35.0,0.0,medio,Custo alto,1,CHAPADINHA,17207.0,0.02,3.0,9.723583072257778,0.09,109.0,50.0,119.0,67.0,188.0,121.0,5.985873338920149,0,Fora do radar,Não investir agenda nesta reta final.,1.0,27.0,Base confirmada pela história,74,30,180.0,1.6
2102408,Cajapió,cajapio,Viana,São Luís,545.244,-2.84331809999995,-44.70712290149314,307.1,7455,6413,0,0.0,1,0.02,7152,5,0.07,0,0.0,0,0.0,0.0,0.0,0.0,0.0,0.0,sem leitura,,0,,7367.0,0.0,0.0,8.875287128108384,0.02,0.0,0.0,0.0,0.0,0.0,0.0,0.0,0,Fora do radar,Não investir agenda nesta reta final.,0.0,0.0,Sem campo e sem histórico,29,8,0.0,0.0
2102754,Capinzal do Norte,capinzal do norte,Pedreiras,Santa Inês - Bacabal,590.271,-4.68544524999993,-44.316222483344745,118.0,7404,6564,4,0.06,898,13.68,6901,2,0.03,6,0.09,1,0.01,0.0,1.0,100.0,100.0,0.0,medio,Custo alto,0,ROSARIO,7108.0,0.01,1.0,8.839566503657949,2.37,2.0,0.0,2.0,1.0,3.0,2.0,0.0,1,Rede nova de campo,Converter a rede de lideranças em voto: logística e material.,0.0,0.0,Sem campo e sem histórico,31,11,3.0,0.1
2111029,São João do Carú,sao joao do caru,Santa Inês,Santa Inês - Bacabal,910.065,-3.5004219499999447,-46.30449513513896,283.5,8303,6845,0,0.0,0,0.0,7342,0,0.0,3,0.04,0,0.0,0.0,0.0,0.0,0.0,0.0,sem leitura,,0,,7562.0,0.0,0.0,8.90150275745161,0.0,0.0,0.0,0.0,0.0,0.0,0.0,0.0,0,Fora do radar,Não investir agenda nesta reta final.,0.0,0.0,Sem campo e sem histórico,41,20,0.0,0.0
2111003,São João Batista,sao joao batista,Viana,São Luís,649.957,-3.013429249999945,-44.79820455807239,287.8,9172,14076,41,0.29,4,0.03,14700,2,0.01,2,0.01,0,0.0,200.0,1.0,35.0,35.0,0.0,medio,Custo alto,1,BAIXADA,15141.0,0.0,0.0,9.595670797663967,0.04,15.0,100.0,103.0,54.0,166.0,112.0,13.605442176870747,0,Fora do radar,Não investir agenda nesta reta final.,0.0,27.0,Acompanhar,67,38,159.0,1.5
2102804,Carolina,carolina,Balsas,Imperatriz,6267.601,-7.45283344999996,-47.3060914294212,340.2,7536,12607,43,0.34,0,0.0,13894,594,4.28,4,0.03,0,0.0,0.0,0.0,0.0,0.0,0.0,sem leitura,,0,,14311.0,0.0,0.0,9.539284342176604,0.87,17.0,0.0,17.0,9.0,27.0,18.0,0.0,0,Fora do radar,Não investir agenda nesta reta final.,0.0,4.0,Sem campo e sem histórico,65,30,26.0,0.3
2110807,São Félix de Balsas,sao felix de balsas,Balsas,Imperatriz,2033.29,-7.109622249999945,-44.88642241326722,167.8,9130,2969,0,0.0,0,0.0,3059,0,0.0,0,0.0,2,0.07,0.0,0.0,0.0,0.0,0.0,sem leitura,,0,,3151.0,0.0,0.0,8.026170194946426,0.31,0.0,0.0,0.0,0.0,0.0,0.0,0.0,1,Rede nova de campo,Converter a rede de lideranças em voto: logística e material.,0.0,0.0,Sem campo e sem histórico,13,5,0.0,0.0
2102606,Cândido Mendes,candido mendes,Governador Nunes Freire,Santa Inês - Bacabal,1643.796,-1.723633649999955,-45.77524954332981,443.1,7498,10899,1,0.01,453,4.16,11836,395,3.34,36,0.3,0,0.0,100.0,1.0,35.0,30.0,0.0,medio,Custo alto,1,GURUPI,12191.0,0.0,0.0,9.378985497953893,0.03,0.0,50.0,50.0,26.0,81.0,55.0,8.448800270361609,0,Fora do radar,Não investir agenda nesta reta final.,0.0,14.0,Acompanhar,57,25,78.0,0.9
2110906,São Francisco do Maranhão,sao francisco do maranhao,São João dos Patos,Presidente Dutra,2284.217,-6.20448694999993,-43.11965411064888,203.3,9156,6714,2,0.03,1,0.01,7150,0,0.0,0,0.0,1,0.01,0.0,0.0,0.0,0.0,0.0,sem leitura,,0,,7364.0,0.01,1.0,8.875007486048396,0.16,1.0,0.0,1.0,1.0,2.0,1.0,0.0,1,Rede nova de campo,Converter a rede de lideranças em voto: logística e material.,0.0,0.0,Sem campo e sem histórico,32,17,2.0,0.0
2102705,Cantanhede,cantanhede,Itapecuru Mirim,São Luís,773.009,-3.650364149999975,-44.304445537258815,225.4,7510,9296,1,0.01,27,0.29,10126,6,0.06,2,0.02,1,0.01,0.0,0.0,0.0,0.0,0.0,sem leitura,,0,,10430.0,0.01,1.0,9.222960403332285,0.01,1.0,0.0,1.0,1.0,1.0,0.0,0.0,1,Rede nova de campo,Converter a rede de lideranças em voto: logística e material.,0.0,0.0,Sem campo e sem histórico,47,16,1.0,0.0
2110856,São Francisco do Brejão,sao francisco do brejao,Açailândia,Imperatriz,745.357,-5.169925149999955,-47.32330123810951,277.4,8281,5391,25,0.46,1,0.02,6166,834,13.53,280,4.54,548,8.89,0.0,0.0,0.0,0.0,0.0,sem leitura,,0,,6351.0,0.46,29.0,8.726967774991493,0.88,23.0,0.0,23.0,15.0,33.0,18.0,0.0,5,Área Daniella,Baixa sobreposição: só entrar com liderança já comprometida.,6.0,5.0,Sem campo e sem histórico,26,7,32.0,0.9
2110203,Santa Rita,santa rita,São Luís,São Luís,756.797,-3.15930679999994,-44.35028286859696,277.2,9016,17962,27,0.15,11,0.06,19269,25,0.13,10,0.05,5,0.03,0.0,0.0,35.0,35.0,0.0,medio,Custo alto,0,,19847.0,0.03,6.0,9.866304761408411,0.04,13.0,0.0,13.0,8.0,20.0,12.0,0.0,4,Grandes centros,"Voto de opinião: redes sociais e mídia, não agenda presencial.",1.0,3.0,Sem campo e sem histórico,81,30,19.0,0.2
2102002,Bom Jardim,bom jardim,Santa Inês,Santa Inês - Bacabal,6579.946,-3.964463749999965,-46.50785436007214,258.2,9555,18797,3,0.02,8,0.04,20019,9,0.04,31,0.15,12,0.06,1000.0,1.0,70.0,35.0,0.0,medio,Custo alto,1,PINDARÉ,20620.0,0.02,4.0,9.90448705286921,0.11,3.0,500.0,501.0,261.0,819.0,558.0,49.95254508217194,4,Grandes centros,"Voto de opinião: redes sociais e mídia, não agenda presencial.",1.0,137.0,Cobrar e confirmar,112,70,780.0,4.5
2110278,Santo Amaro do Maranhão,santo amaro do maranhao,Barreirinhas,São Luís,1582.806,-2.6477070499999504,-43.178335477683206,377.4,8249,7590,3,0.04,10,0.13,9054,8,0.09,3,0.03,122,1.35,0.0,0.0,0.0,0.0,0.0,sem leitura,,0,,9326.0,0.04,4.0,9.111072370317514,0.0,3.0,0.0,3.0,2.0,4.0,2.0,0.0,0,Fora do radar,Não investir agenda nesta reta final.,1.0,1.0,Sem campo e sem histórico,44,31,4.0,0.1
2101970,Boa Vista do Gurupi,boa vista do gurupi,Governador Nunes Freire,Santa Inês - Bacabal,400.35,-1.768603199999945,-46.206301880073866,451.8,7323,4146,0,0.0,0,0.0,4759,2,0.04,6,0.13,0,0.0,100.0,1.0,70.0,35.0,0.0,medio,Custo alto,1,GURUPI,4902.0,0.0,0.0,8.468002947225466,0.14,0.0,50.0,50.0,26.0,82.0,56.0,21.01281781886951,0,Fora do radar,Não investir agenda nesta reta final.,0.0,14.0,Acompanhar,21,7,78.0,2.4
2102077,Bom Lugar,bom lugar,Bacabal,Santa Inês - Bacabal,445.171,-4.29719114999995,-45.09674636896639,147.5,7285,6991,0,0.0,5,0.07,8830,2,0.02,2,0.02,10,0.11,0.0,0.0,0.0,0.0,0.0,sem leitura,,0,,9095.0,0.0,0.0,9.086023537468803,0.04,0.0,0.0,0.0,0.0,0.0,0.0,0.0,1,Rede nova de campo,Converter a rede de lideranças em voto: logística e material.,0.0,0.0,Sem campo e sem histórico,37,25,0.0,0.0
2110237,Santana do Maranhão,santana do maranhao,Tutóia - Araioses,São Luís,932.032,-3.19428869999996,-42.62566833118724,364.3,8222,5680,23,0.4,0,0.0,5951,19,0.32,0,0.0,0,0.0,0.0,0.0,0.0,0.0,0.0,sem leitura,,0,,6130.0,0.0,0.0,8.691482576512929,0.02,9.0,0.0,9.0,5.0,14.0,9.0,0.0,0,Fora do radar,Não investir agenda nesta reta final.,0.0,2.0,Sem campo e sem histórico,28,16,14.0,0.3
2102036,Bom Jesus das Selvas,bom jesus das selvas,Açailândia,Imperatriz,2676.93,-4.52486879999995,-46.69629601417692,236.5,7269,14123,3,0.02,15,0.11,15239,14,0.09,7,0.05,13,0.09,600.0,1.0,35.0,35.0,0.0,medio,Custo alto,1,PINDARÉ,15696.0,0.02,3.0,9.631678829240638,0.66,2.0,300.0,300.0,154.0,488.0,334.0,39.37266224817901,1,Rede nova de campo,Converter a rede de lideranças em voto: logística e material.,1.0,82.0,Cobrar e confirmar,76,32,467.0,3.9
2110039,Santa Luzia do Paruá,santa luzia do parua,Governador Nunes Freire,Santa Inês - Bacabal,1010.483,-2.51460494999995,-45.74287187634262,357.1,9652,12307,5,0.04,125,1.02,13101,61,0.47,6,0.05,1,0.01,0.0,0.0,0.0,0.0,0.0,sem leitura,,0,,13494.0,0.01,1.0,9.480520169291822,0.03,2.0,0.0,2.0,2.0,4.0,2.0,0.0,0,Fora do radar,Não investir agenda nesta reta final.,0.0,0.0,Sem campo e sem histórico,59,22,3.0,0.0
2101939,Bernardo do Mearim,bernardo do mearim,Pedreiras,Santa Inês - Bacabal,247.189,-4.66843984999994,-44.68257705487079,105.5,7200,3834,544,14.19,5,0.13,4047,0,0.0,0,0.0,4,0.1,0.0,0.0,0.0,0.0,0.0,sem leitura,,0,,4168.0,0.1,4.0,8.305978210967302,0.93,209.0,0.0,209.0,114.0,336.0,222.0,0.0,1,Rede nova de campo,Converter a rede de lideranças em voto: logística e material.,1.0,45.0,Voto sem liderança: nomear responsável,18,10,320.0,11.6
2110104,Santa Quitéria do Maranhão,santa quiteria do maranhao,Chapadinha,São Luís,1430.329,-3.34484629999994,-42.901865588536765,331.4,8990,14864,1,0.01,15,0.1,15825,5,0.03,4,0.03,0,0.0,0.0,0.0,0.0,0.0,0.0,sem leitura,,0,,16300.0,0.0,0.0,9.669409436169138,0.01,1.0,0.0,1.0,0.0,1.0,1.0,0.0,0,Fora do radar,Não investir agenda nesta reta final.,0.0,0.0,Sem campo e sem histórico,70,29,2.0,0.0
2101905,Bequimão,bequimao,Pinheiro,São Luís,790.222,-2.44692514999994,-44.81646772132629,350.8,7374,12910,9,0.07,9,0.07,14152,1,0.01,3,0.02,1,0.01,0.0,0.0,0.0,0.0,0.0,sem leitura,,0,,14577.0,0.01,1.0,9.55768189473384,0.0,4.0,0.0,4.0,3.0,6.0,3.0,0.0,0,Fora do radar,Não investir agenda nesta reta final.,0.0,1.0,Sem campo e sem histórico,62,19,6.0,0.1
2110500,São Bento,sao bento,Pinheiro,São Luís,456.998,-2.78432689999994,-44.93515255673508,313.4,9075,19476,5,0.03,12,0.06,20868,4,0.02,14,0.07,0,0.0,0.0,0.0,0.0,0.0,0.0,sem leitura,,0,,21494.0,0.0,0.0,9.946020083254831,0.02,2.0,0.0,2.0,1.0,4.0,3.0,0.0,4,Grandes centros,"Voto de opinião: redes sociais e mídia, não agenda presencial.",0.0,1.0,Sem campo e sem histórico,91,30,4.0,0.0
2102325,Buriticupu,buriticupu,Açailândia,Imperatriz,2553.663,-4.42170519999996,-46.36104155683552,212.2,7340,30898,12,0.04,2,0.01,32243,4,0.01,11,0.03,11,0.03,500.0,1.0,35.0,80.0,0.0,medio,Custo alto,1,PINDARÉ,33210.0,0.03,10.0,10.381087258403491,0.12,9.0,250.0,252.0,131.0,409.0,278.0,15.507241881958874,4,Grandes centros,"Voto de opinião: redes sociais e mídia, não agenda presencial.",2.0,69.0,Cobrar e confirmar,147,54,391.0,1.7
2102309,Buriti Bravo,buriti bravo,Timon,Caxias,1581.721,-5.77738124999996,-43.86118061108325,111.7,7439,12370,26,0.21,463,3.74,13046,418,3.2,183,1.4,6,0.05,0.0,0.0,0.0,0.0,0.0,sem leitura,,0,,13437.0,0.05,7.0,9.476313501265748,1.85,13.0,0.0,13.0,8.0,19.0,11.0,0.0,1,Rede nova de campo,Converter a rede de lideranças em voto: logística e material.,2.0,3.0,Sem campo e sem histórico,66,16,18.0,0.2
2102150,Brejo de Areia,brejo de areia,Bacabal,Santa Inês - Bacabal,986.036,-4.36782519999997,-45.64141296424367,162.5,7307,5203,0,0.0,2,0.04,5551,1,0.02,4,0.07,0,0.0,0.0,0.0,0.0,0.0,0.0,sem leitura,,0,,5718.0,0.0,0.0,8.62191350218664,0.0,0.0,0.0,0.0,0.0,0.0,0.0,0.0,1,Rede nova de campo,Converter a rede de lideranças em voto: logística e material.,0.0,0.0,Sem campo e sem histórico,31,17,0.0,0.0
2110302,Santo Antônio dos Lopes,santo antonio dos lopes,Pedreiras,Santa Inês - Bacabal,770.923,-4.81282448999994,-44.48168997545002,96.9,9032,10601,10,0.09,31,0.29,11710,98,0.84,37,0.32,4,0.03,250.0,1.0,35.0,35.0,0.0,medio,Custo alto,1,MÉDIO MEARIM,12061.0,0.03,4.0,9.368283850042138,2.85,5.0,125.0,126.0,66.0,206.0,140.0,21.34927412467976,1,Rede nova de campo,Converter a rede de lideranças em voto: logística e material.,1.0,35.0,Acompanhar,50,24,196.0,2.5
2102101,Brejo,brejo,Chapadinha,São Luís,1073.257,-3.707465849999945,-42.84587714641333,306.5,7390,17101,11,0.06,7,0.04,19241,66,0.34,7,0.04,7,0.04,0.0,0.0,0.0,0.0,0.0,sem leitura,,0,,19818.0,0.04,8.0,9.86485066892121,0.14,8.0,0.0,8.0,5.0,11.0,6.0,0.0,4,Grandes centros,"Voto de opinião: redes sociais e mídia, não agenda presencial.",2.0,2.0,Sem campo e sem histórico,81,39,11.0,0.1
2110401,São Benedito do Rio Preto,sao benedito do rio preto,Chapadinha,São Luís,931.484,-3.396450899999965,-43.60290425111835,281.7,9059,11185,0,0.0,5,0.04,11972,1,0.01,0,0.0,1,0.01,100.0,1.0,35.0,35.0,0.0,medio,Custo alto,1,CHAPADINHA,12331.0,0.0,0.0,9.390409393716844,0.07,0.0,50.0,50.0,26.0,81.0,55.0,8.35282325425994,0,Fora do radar,Não investir agenda nesta reta final.,0.0,14.0,Acompanhar,52,29,78.0,1.0
2102200,Buriti,buriti,Chapadinha,São Luís,1475.78,-3.884580399999945,-42.96210299921021,283.6,7412,15032,5,0.03,1,0.01,16718,0,0.0,8,0.05,0,0.0,0.0,0.0,0.0,0.0,0.0,sem leitura,,0,,17220.0,0.0,0.0,9.724301076237646,0.07,2.0,0.0,2.0,1.0,3.0,2.0,0.0,4,Grandes centros,"Voto de opinião: redes sociais e mídia, não agenda presencial.",0.0,0.0,Sem campo e sem histórico,77,40,3.0,0.0
2109700,Sambaíba,sambaiba,Balsas,Imperatriz,3015.086,-7.4724032999999395,-45.68172638368912,227.2,8931,4044,2,0.05,1,0.02,4402,0,0.0,65,1.48,1,0.02,0.0,0.0,0.0,0.0,0.0,sem leitura,,0,,4534.0,0.02,1.0,8.390041405755754,0.19,1.0,0.0,1.0,1.0,2.0,1.0,0.0,1,Rede nova de campo,Converter a rede de lideranças em voto: logística e material.,0.0,0.0,Sem campo e sem histórico,19,8,2.0,0.1
2101509,Barão de Grajaú,barao de grajau,São João dos Patos,Presidente Dutra,2209.414,-6.5927194499999455,-43.14192108836055,219.2,7293,10630,9,0.08,20,0.19,11383,7,0.06,244,2.14,1,0.01,0.0,0.0,0.0,0.0,0.0,sem leitura,,0,,11724.0,0.01,1.0,9.339964139769688,0.14,4.0,0.0,4.0,2.0,6.0,4.0,0.0,1,Rede nova de campo,Converter a rede de lideranças em voto: logística e material.,0.0,1.0,Sem campo e sem histórico,46,24,6.0,0.1
2109759,Santa Filomena do Maranhão,santa filomena do maranhao,Presidente Dutra,Presidente Dutra,623.213,-5.51771599999995,-44.61749648406271,27.9,8206,4183,332,7.94,309,7.39,4694,41,0.87,1597,34.02,454,9.67,1000.0,1.0,100.0,100.0,0.0,medio,Custo alto,1,ALTO MEARIM,4835.0,7.94,384.0,8.454253391642363,8.97,299.0,500.0,560.0,320.0,901.0,581.0,213.0379207498935,3,Território Abigail,Disputa direta: presença pessoal e lideranças fortes.,84.0,166.0,Cobrar e confirmar,19,8,850.0,29.5
2109551,Ribamar Fiquene,ribamar fiquene,Imperatriz,Imperatriz,733.458,-5.958553294999945,-47.31990588915724,275.6,8184,4778,1,0.02,7,0.15,5052,2,0.04,8,0.16,39,0.77,150.0,1.0,35.0,35.0,0.0,medio,Custo alto,1,TOCANTINS MARANHENSE,5204.0,0.02,1.0,8.527737405291909,0.8,1.0,75.0,75.0,39.0,123.0,84.0,29.69121140142518,0,Fora do radar,Não investir agenda nesta reta final.,0.0,21.0,Acompanhar,21,6,117.0,3.6
2101350,Bacurituba,bacurituba,Pinheiro,São Luís,413.651,-2.6915291499999503,-44.70669726126924,324.0,7145,3732,6,0.16,0,0.0,3891,156,4.01,0,0.0,3,0.08,0.0,0.0,0.0,0.0,0.0,sem leitura,,0,,4008.0,0.08,3.0,8.266678443305896,0.26,4.0,0.0,4.0,2.0,5.0,3.0,0.0,0,Fora do radar,Não investir agenda nesta reta final.,1.0,1.0,Sem campo e sem histórico,19,5,6.0,0.2
2109601,Rosário,rosario,São Luís,São Luís,647.998,-2.972634449999955,-44.19993981934567,301.2,8915,22976,24,0.1,328,1.43,24773,8,0.03,29,0.12,1,0.0,0.0,0.0,0.0,0.0,0.0,sem leitura,,0,,25516.0,0.0,0.0,10.117549995114146,0.01,9.0,0.0,9.0,5.0,14.0,9.0,0.0,4,Grandes centros,"Voto de opinião: redes sociais e mídia, não agenda presencial.",0.0,2.0,Sem campo e sem histórico,103,36,14.0,0.1
2101400,Balsas,balsas,Balsas,Imperatriz,12601.976,-8.28710339999995,-46.25994696737527,336.5,7277,45300,89,0.2,65,0.14,50477,3,0.01,86,0.17,3,0.01,0.0,0.0,0.0,0.0,0.0,sem leitura,,0,,51991.0,0.01,5.0,10.829292876778869,0.61,39.0,0.0,39.0,22.0,61.0,39.0,0.0,4,Grandes centros,"Voto de opinião: redes sociais e mídia, não agenda presencial.",1.0,8.0,Sem campo e sem histórico,181,48,58.0,0.2
2101731,Belágua,belagua,Chapadinha,São Luís,569.606,-3.11069714999996,-43.45168722138585,317.6,7161,5103,3,0.06,0,0.0,5975,0,0.0,0,0.0,0,0.0,0.0,0.0,0.0,0.0,0.0,sem leitura,,0,,6154.0,0.0,0.0,8.695506726812653,0.08,1.0,0.0,1.0,1.0,2.0,1.0,0.0,0,Fora do radar,Não investir agenda nesta reta final.,0.0,0.0,Sem campo e sem histórico,23,10,2.0,0.0
2109908,Santa Inês,santa ines,Santa Inês,Santa Inês - Bacabal,786.689,-3.85270669999997,-45.430067230750566,204.6,9571,44172,8,0.02,60,0.14,47027,6,0.01,335,0.71,20,0.04,200.0,1.0,35.0,35.0,0.0,medio,Custo alto,1,PINDARÉ,48438.0,0.02,10.0,10.758498447987632,0.05,8.0,100.0,102.0,53.0,165.0,112.0,4.252876007400004,4,Grandes centros,"Voto de opinião: redes sociais e mídia, não agenda presencial.",2.0,28.0,Acompanhar,191,53,158.0,0.5
2101707,Barreirinhas,barreirinhas,Barreirinhas,São Luís,3046.308,-2.836485549999935,-42.90152388844801,376.1,7331,33195,2,0.01,2371,7.14,38000,138,0.36,12,0.03,5,0.01,0.0,0.0,0.0,0.0,0.0,sem leitura,,0,,39140.0,0.01,4.0,10.545367754151743,0.58,3.0,0.0,3.0,2.0,4.0,2.0,0.0,4,Grandes centros,"Voto de opinião: redes sociais e mídia, não agenda presencial.",1.0,1.0,Sem campo e sem histórico,171,110,4.0,0.0
2110005,Santa Luzia,santa luzia,Santa Inês,Santa Inês - Bacabal,4837.168,-4.292059249999936,-46.03292741647846,195.5,8974,33386,16,0.05,27,0.08,33624,2,0.01,42,0.12,43,0.13,0.0,0.0,0.0,0.0,0.0,sem leitura,,0,,34633.0,0.05,17.0,10.42302511690414,0.09,14.0,0.0,14.0,9.0,20.0,11.0,0.0,4,Grandes centros,"Voto de opinião: redes sociais e mídia, não agenda presencial.",4.0,3.0,Sem campo e sem histórico,166,74,20.0,0.1
2101806,Benedito Leite,benedito leite,São João dos Patos,Presidente Dutra,1784.64,-7.15980019999995,-44.5858885435859,175.8,7358,3144,0,0.0,5,0.16,3212,3,0.09,1,0.03,0,0.0,0.0,0.0,0.0,0.0,0.0,sem leitura,,0,,3308.0,0.0,0.0,8.074960359115858,0.04,0.0,0.0,0.0,0.0,0.0,0.0,0.0,1,Rede nova de campo,Converter a rede de lideranças em voto: logística e material.,0.0,0.0,Sem campo e sem histórico,12,5,0.0,0.0
2101772,Bela Vista do Maranhão,bela vista do maranhao,Santa Inês,Santa Inês - Bacabal,147.949,-3.767394449999955,-45.25197058528764,208.6,7188,6772,1,0.01,11,0.16,7446,1,0.01,20,0.27,0,0.0,0.0,0.0,0.0,0.0,0.0,sem leitura,,0,,7669.0,0.0,0.0,8.915566545710645,0.0,0.0,0.0,0.0,0.0,0.0,0.0,0.0,1,Rede nova de campo,Converter a rede de lideranças em voto: logística e material.,0.0,0.0,Sem campo e sem histórico,33,11,0.0,0.0
2109809,Santa Helena,santa helena,Pinheiro,São Luís,2191.164,-2.46445019999996,-45.52041380160608,356.5,8958,16204,7,0.04,3,0.02,17062,2,0.01,1,0.01,1,0.01,350.0,1.0,100.0,100.0,0.0,medio,Custo alto,1,BAIXADA,17574.0,0.01,2.0,9.744667655527264,0.07,3.0,175.0,176.0,91.0,286.0,195.0,20.51342163872934,0,Fora do radar,Não investir agenda nesta reta final.,0.0,48.0,Acompanhar,85,50,274.0,2.1
2101608,Barra do Corda,barra do corda,Barra do Corda,Imperatriz,5187.673,-5.50947269999995,-45.24443473887544,44.3,7315,43147,15717,36.43,2975,6.9,46775,38,0.08,19661,42.03,7561,16.16,1500.0,1.0,35.0,35.0,0.0,medio,Custo alto,1,ALTO MEARIM,48178.0,8.08,3893.0,10.753125529855506,4.68,7817.0,750.0,7967.0,4891.0,12094.0,7203.0,32.06841261357563,3,Território Abigail,Disputa direta: presença pessoal e lideranças fortes.,856.0,1735.0,Base confirmada pela história,220,99,11568.0,36.2
2100956,Arame,arame,Barra do Corda,Imperatriz,2976.039,-4.988593049999965,-45.84368071435368,128.9,9679,15206,1860,12.23,22,0.14,16465,2,0.01,1444,8.77,642,3.9,1000.0,1.0,65.0,35.0,0.0,medio,Custo alto,1,ALTO MEARIM,16959.0,3.9,661.0,9.709052927858371,1.89,1010.0,500.0,1110.0,703.0,1639.0,936.0,60.73489219556635,1,Rede nova de campo,Converter a rede de lideranças em voto: logística e material.,145.0,256.0,Base confirmada pela história,79,33,1578.0,14.1
2109239,Presidente Médici,presidente medici,Governador Nunes Freire,Santa Inês - Bacabal,437.687,-2.30947439649998,-45.76526942859381,379.7,8125,3787,0,0.0,5,0.13,4076,0,0.0,1,0.02,0,0.0,0.0,0.0,0.0,0.0,0.0,sem leitura,,0,,4198.0,0.0,0.0,8.313116702819253,0.11,0.0,0.0,0.0,0.0,0.0,0.0,0.0,0,Fora do radar,Não investir agenda nesta reta final.,0.0,0.0,Sem campo e sem histórico,22,11,0.0,0.0
2109205,Presidente Juscelino,presidente juscelino,São Luís,São Luís,355.568,-3.098257349999955,-44.06295479663359,291.8,8818,6934,1,0.01,3,0.04,7537,1,0.01,3,0.04,1,0.01,100.0,1.0,35.0,35.0,0.0,medio,Custo alto,1,GRANDE SÃO LUÍS,7763.0,0.01,1.0,8.92771217382708,0.01,1.0,50.0,50.0,26.0,82.0,56.0,13.267878466233249,0,Fora do radar,Não investir agenda nesta reta final.,0.0,14.0,Acompanhar,34,12,78.0,1.5
2109056,Porto Rico do Maranhão,porto rico do maranhao,Cururupu,São Luís,244.979,-1.8770496999999549,-44.630390635764215,414.9,8109,4306,4,0.09,1,0.02,4907,3,0.06,0,0.0,0,0.0,0.0,0.0,0.0,0.0,0.0,sem leitura,,0,,5054.0,0.0,0.0,8.498621805830801,0.09,2.0,0.0,2.0,1.0,3.0,2.0,0.0,0,Fora do radar,Não investir agenda nesta reta final.,0.0,0.0,Sem campo e sem histórico,23,10,3.0,0.1
2101004,Arari,arari,Viana,São Luís,1099.81,-3.5501685499999347,-44.727074602395454,228.5,7196,17252,3,0.02,7,0.04,18078,16,0.09,25,0.14,0,0.0,100.0,1.0,65.0,60.0,0.0,medio,Custo alto,1,BAIXADA,18620.0,0.0,0.0,9.802506322682014,0.02,1.0,50.0,50.0,26.0,82.0,56.0,5.531585352361987,4,Grandes centros,"Voto de opinião: redes sociais e mídia, não agenda presencial.",0.0,14.0,Acompanhar,81,33,78.0,0.6
2109007,Porto Franco,porto franco,Imperatriz,Imperatriz,1421.011,-6.384031399999969,-47.27013305144168,280.9,8770,13343,5,0.04,0,0.0,14122,8,0.06,10,0.07,11,0.08,0.0,0.0,0.0,0.0,0.0,sem leitura,,0,,14546.0,0.04,6.0,9.555559953069064,0.31,5.0,0.0,5.0,3.0,7.0,4.0,0.0,0,Fora do radar,Não investir agenda nesta reta final.,1.0,1.0,Sem campo e sem histórico,58,18,7.0,0.1
2100832,Apicum-Açu,apicum acu,Cururupu,São Luís,341.12,-1.55036734999996,-45.0622127893773,451.0,7064,8961,1,0.01,0,0.0,10310,0,0.0,0,0.0,0,0.0,900.0,1.0,100.0,100.0,0.0,medio,Custo alto,1,LITORAL,10619.0,0.0,0.0,9.240966565517944,0.04,0.0,450.0,450.0,232.0,734.0,502.0,87.29388942774005,0,Fora do radar,Não investir agenda nesta reta final.,0.0,123.0,Cobrar e confirmar,48,16,701.0,9.4
2100808,Anapurus,anapurus,Chapadinha,São Luís,608.903,-3.561480599999955,-43.04288816016111,303.0,7153,10170,5,0.05,0,0.0,11270,0,0.0,4,0.04,1,0.01,400.0,1.0,35.0,35.0,0.0,medio,Custo alto,1,CHAPADINHA,11608.0,0.01,1.0,9.329988334242078,0.02,3.0,200.0,201.0,104.0,325.0,221.0,35.4924578527063,0,Fora do radar,Não investir agenda nesta reta final.,0.0,54.0,Acompanhar,45,18,312.0,4.5
2109106,Presidente Dutra,presidente dutra,Presidente Dutra,Presidente Dutra,771.574,-5.288345799999945,-44.4617350118516,55.7,8796,20892,564,2.7,4222,20.21,24078,6929,28.78,396,1.64,427,1.77,1500.0,1.0,70.0,80.0,0.0,medio,Custo alto,1,CENTRO MARANHENSE,24800.0,1.77,439.0,10.089095370321234,1.43,423.0,750.0,835.0,472.0,1334.0,862.0,62.2975330176925,5,Área Daniella,Baixa sobreposição: só entrar com liderança já comprometida.,97.0,239.0,Cobrar e confirmar,96,35,1266.0,8.7
2100907,Araioses,araioses,Tutóia - Araioses,São Luís,1789.73,-2.95481914999996,-41.96253720651879,435.3,7170,23186,5,0.02,183,0.79,24752,42,0.17,27,0.11,0,0.0,0.0,0.0,0.0,0.0,0.0,sem leitura,,0,,25495.0,0.0,0.0,10.116701972772454,0.39,2.0,0.0,2.0,1.0,3.0,2.0,0.0,0,Fora do radar,Não investir agenda nesta reta final.,0.0,0.0,Sem campo e sem histórico,121,57,3.0,0.0
2100873,Araguanã,araguana,Santa Inês,Santa Inês - Bacabal,805.194,-3.064472149999945,-45.773868444503634,299.9,7102,5466,2,0.04,1,0.02,5761,0,0.0,3,0.05,0,0.0,0.0,0.0,0.0,0.0,0.0,sem leitura,,0,,5934.0,0.0,0.0,8.659039915644474,0.0,1.0,0.0,1.0,0.0,1.0,1.0,0.0,0,Fora do radar,Não investir agenda nesta reta final.,0.0,0.0,Sem campo e sem histórico,27,13,2.0,0.0
2101251,Bacabeira,bacabeira,São Luís,São Luís,542.961,-2.93128854999995,-44.35336285298927,302.1,7129,11229,8,0.07,9,0.08,11907,6,0.05,56,0.47,108,0.91,300.0,1.0,100.0,35.0,0.0,medio,Custo alto,1,ROSARIO,12264.0,0.07,9.0,9.384965722135666,0.3,7.0,150.0,151.0,79.0,247.0,168.0,25.195263290501387,0,Fora do radar,Não investir agenda nesta reta final.,2.0,42.0,Acompanhar,47,15,235.0,3.2
2109403,Primeira Cruz,primeira cruz,Barreirinhas,São Luís,1337.161,-2.678904649999965,-43.36823762741216,364.4,8850,7396,0,0.0,0,0.0,8270,5,0.06,1,0.01,18,0.22,0.0,0.0,0.0,0.0,0.0,sem leitura,,0,,8518.0,0.0,0.0,9.020510699691906,0.17,0.0,0.0,0.0,0.0,0.0,0.0,0.0,0,Fora do radar,Não investir agenda nesta reta final.,0.0,0.0,Sem campo e sem histórico,46,28,0.0,0.0
2101202,Bacabal,bacabal,Bacabal,Santa Inês - Bacabal,1656.736,-4.12072474999994,-44.74341932880486,165.1,7234,48854,40,0.08,64,0.13,53705,13,0.02,74,0.14,53,0.1,0.0,1.0,70.0,100.0,0.0,medio,Custo alto,0,MÉDIO MEARIM,55316.0,0.08,44.0,10.891280006098993,0.36,35.0,0.0,35.0,22.0,51.0,29.0,0.0,4,Grandes centros,"Voto de opinião: redes sociais e mídia, não agenda presencial.",10.0,9.0,Sem campo e sem histórico,226,84,50.0,0.2
2109502,Riachão,riachao,Balsas,Imperatriz,6402.83,-7.74729019999995,-46.626787650905975,308.6,8877,11321,1313,11.6,0,0.0,12500,248,1.98,73,0.58,17,0.14,0.0,0.0,0.0,0.0,0.0,sem leitura,,0,,12875.0,0.14,18.0,9.433563920090563,0.81,530.0,0.0,530.0,290.0,854.0,564.0,0.0,0,Fora do radar,Não investir agenda nesta reta final.,4.0,114.0,Voto sem liderança: nomear responsável,53,16,812.0,10.0
2101301,Bacuri,bacuri,Cururupu,São Luís,832.084,-1.6770979499999652,-45.17526071002012,437.8,7250,9373,0,0.0,3,0.03,10271,2,0.02,0,0.0,0,0.0,500.0,1.0,70.0,60.0,0.0,medio,Custo alto,1,LITORAL,10579.0,0.0,0.0,9.237177025929743,0.0,0.0,250.0,250.0,128.0,408.0,280.0,48.68075163080518,0,Fora do radar,Não investir agenda nesta reta final.,0.0,68.0,Cobrar e confirmar,49,21,390.0,5.1
2109452,Raposa,raposa,São Luís,São Luís,79.213,-2.44484504999997,-44.09042096058707,361.1,8168,15227,4,0.03,13,0.09,17036,9,0.05,4,0.02,4,0.02,0.0,0.0,0.0,0.0,0.0,sem leitura,,0,,17547.0,0.02,4.0,9.743142728545543,0.1,3.0,0.0,3.0,2.0,5.0,3.0,0.0,0,Fora do radar,Não investir agenda nesta reta final.,1.0,1.0,Sem campo e sem histórico,70,13,4.0,0.0
2109304,Presidente Vargas,presidente vargas,Itapecuru Mirim,São Luís,460.004,-3.349343249999945,-43.97018437573962,268.9,8834,7187,0,0.0,1,0.01,7803,3,0.04,0,0.0,49,0.63,0.0,0.0,0.0,0.0,0.0,sem leitura,,0,,8037.0,0.0,0.0,8.962391701743002,0.28,0.0,0.0,0.0,0.0,0.0,0.0,0.0,0,Fora do radar,Não investir agenda nesta reta final.,0.0,0.0,Sem campo e sem histórico,36,21,0.0,0.0
2101103,Axixá,axixa,São Luís,São Luís,160.462,-2.845586099999965,-44.09097093996368,317.9,7218,7144,2,0.03,16,0.22,8339,1,0.01,13,0.16,0,0.0,0.0,0.0,0.0,0.0,0.0,sem leitura,,0,,8589.0,0.0,0.0,9.028818495352793,0.06,1.0,0.0,1.0,0.0,1.0,1.0,0.0,0,Fora do radar,Não investir agenda nesta reta final.,0.0,0.0,Sem campo e sem histórico,34,17,2.0,0.0
2109270,Presidente Sarney,presidente sarney,Pinheiro,São Luís,726.176,-2.59113629999996,-45.34997219055265,339.2,8141,10179,0,0.0,2,0.02,10766,197,1.83,1,0.01,0,0.0,100.0,1.0,70.0,60.0,0.0,medio,Custo alto,1,BAIXADA,11089.0,0.0,0.0,9.284241179815718,0.26,0.0,50.0,50.0,26.0,81.0,55.0,9.288500835965076,0,Fora do radar,Não investir agenda nesta reta final.,0.0,14.0,Acompanhar,55,22,78.0,0.9
2100477,Alto Alegre do Pindaré,alto alegre do pindare,Santa Inês,Santa Inês - Bacabal,1875.58,-3.961571749999965,-46.099318620032605,228.6,7048,14279,1,0.01,4,0.03,15716,4,0.03,12,0.08,3,0.02,0.0,0.0,0.0,0.0,0.0,sem leitura,,0,,16187.0,0.01,2.0,9.662498208076329,0.06,1.0,0.0,1.0,1.0,2.0,1.0,0.0,4,Grandes centros,"Voto de opinião: redes sociais e mídia, não agenda presencial.",0.0,0.0,Sem campo e sem histórico,81,31,2.0,0.0
2100436,Alto Alegre do Maranhão,alto alegre do maranhao,Bacabal,Santa Inês - Bacabal,392.751,-4.21307019999995,-44.388176869030765,162.8,7021,12532,15,0.12,240,1.92,13783,7,0.05,4,0.03,8,0.06,0.0,0.0,0.0,0.0,0.0,sem leitura,,0,,14196.0,0.06,9.0,9.531263778207766,0.81,10.0,0.0,10.0,6.0,14.0,8.0,0.0,1,Rede nova de campo,Converter a rede de lideranças em voto: logística e material.,2.0,2.0,Sem campo e sem histórico,61,11,14.0,0.2
2100550,Amapá do Maranhão,amapa do maranhao,Governador Nunes Freire,Santa Inês - Bacabal,493.738,-1.6570072499999648,-45.94097875392207,454.8,7080,3714,18,0.48,287,7.73,4227,0,0.0,6,0.14,0,0.0,300.0,1.0,70.0,60.0,0.0,medio,Custo alto,1,GURUPI,4354.0,0.0,0.0,8.349484346990128,0.0,7.0,150.0,151.0,80.0,245.0,165.0,70.97232079489,0,Fora do radar,Não investir agenda nesta reta final.,0.0,40.0,Acompanhar,22,6,234.0,6.9
2108702,Pio XII,pio xii,Santa Inês,Santa Inês - Bacabal,545.221,-3.863826299999945,-45.08297718995522,194.8,8710,14189,0,0.0,0,0.0,14569,2,0.01,3,0.02,0,0.0,0.0,0.0,0.0,0.0,0.0,sem leitura,,0,,15006.0,0.0,0.0,9.58671989918925,0.13,0.0,0.0,0.0,0.0,0.0,0.0,0.0,1,Rede nova de campo,Converter a rede de lideranças em voto: logística e material.,0.0,0.0,Sem campo e sem histórico,69,24,0.0,0.0
2100501,Alto Parnaíba,alto parnaiba,Balsas,Imperatriz,11127.384,-9.510072349999945,-46.19520377487265,459.0,7099,5648,53,0.94,0,0.0,6144,3,0.05,4,0.07,5,0.08,0.0,0.0,0.0,0.0,0.0,sem leitura,,0,,6328.0,0.08,5.0,8.723394022000136,0.03,23.0,0.0,23.0,13.0,36.0,23.0,0.0,0,Fora do radar,Não investir agenda nesta reta final.,1.0,5.0,Sem campo e sem histórico,28,13,34.0,0.8
2108504,Pindaré-Mirim,pindare mirim,Santa Inês,Santa Inês - Bacabal,268.285,-3.705622449999965,-45.477035976522615,221.8,8672,18527,9,0.05,7,0.04,19409,12,0.06,101,0.52,5,0.03,500.0,1.0,35.0,80.0,0.0,medio,Custo alto,1,PINDARÉ,19991.0,0.03,6.0,9.873543676163056,0.0,6.0,250.0,251.0,132.0,412.0,280.0,25.76124478334793,4,Grandes centros,"Voto de opinião: redes sociais e mídia, não agenda presencial.",1.0,69.0,Cobrar e confirmar,81,26,391.0,3.1
2100303,Aldeias Altas,aldeias altas,Caxias,Caxias,1943.413,-4.470524749999955,-43.37823190670758,206.3,7056,12355,2,0.02,0,0.0,13675,633,4.63,360,2.63,1,0.01,0.0,0.0,0.0,0.0,0.0,sem leitura,,0,,14085.0,0.01,1.0,9.523397750759193,0.22,2.0,0.0,2.0,1.0,2.0,1.0,0.0,1,Rede nova de campo,Converter a rede de lideranças em voto: logística e material.,0.0,0.0,Sem campo e sem histórico,68,16,2.0,0.0
2108603,Pinheiro,pinheiro,Pinheiro,São Luís,1512.969,-2.49499049999994,-45.145636349015135,346.9,8699,41786,0,0.0,17,0.04,46059,20,0.04,8,0.02,10,0.02,100.0,1.0,35.0,35.0,0.0,medio,Custo alto,1,BAIXADA,47441.0,0.0,0.0,10.737700173374677,0.04,0.0,50.0,50.0,26.0,81.0,55.0,2.171128335395905,4,Grandes centros,"Voto de opinião: redes sociais e mídia, não agenda presencial.",0.0,14.0,Acompanhar,188,51,78.0,0.3
