bairro,secoes,aptos_2024,fernando_2024,tema_2024,eric_2022,cleomar_tema_2022,bruna_conservador,bruna_realista,bruna_forte,grupo_nao_convertido_2022,pct_fernando_2024
CENTRO,24,7519,4091,2238,2284,2282,2690.0,3022.0,3355.0,1833,64.6
SÃO LOURENÇO,5,1486,989,224,864,84,651.0,731.0,812.0,190,81.5
BELÉM,5,1762,787,653,650,345,518.0,581.0,646.0,137,54.7
VILA LUIZÃO,5,1557,740,523,391,451,487.0,547.0,607.0,349,58.6
IPU-IRU,6,1784,723,697,653,430,476.0,534.0,594.0,76,50.9
MIL RÉIS,4,1333,722,330,406,369,475.0,534.0,592.0,316,68.6
ASTOLFO SEABRA,5,1558,707,530,397,481,465.0,522.0,580.0,310,57.2
CREOLI DO BINA,4,1203,682,355,423,372,448.0,504.0,559.0,259,65.8
CIGANA,4,1221,665,250,420,226,438.0,492.0,545.0,245,72.7
TUNTUM DE CIMA,4,1203,664,305,369,316,438.0,490.0,544.0,295,68.5
CAMPO VELHO,4,1097,585,295,364,264,385.0,432.0,479.0,221,66.5
VILA BENTO,3,1027,485,290,278,242,319.0,359.0,398.0,207,62.6
SÃO BENTO,3,819,413,271,426,86,271.0,305.0,338.0,0,60.4
ARROZ,3,870,413,308,243,222,272.0,305.0,339.0,185,57.3
SÃO JOAQUIM DOS MELOS,2,622,384,131,337,78,253.0,284.0,315.0,47,74.6
NOVO MARAJÁ,2,634,311,212,207,172,205.0,230.0,255.0,104,59.5
ARARA,2,675,275,245,152,193,181.0,203.0,226.0,123,52.9
SANTA ROSA,2,426,268,89,254,59,176.0,198.0,220.0,23,75.1
SERRA GRANDE,1,348,196,87,143,81,129.0,145.0,161.0,53,69.3
BREJO DO JOÃO,1,318,167,99,192,32,110.0,123.0,137.0,0,62.8
SÃO MIGUEL,1,371,150,179,94,141,99.0,111.0,123.0,56,45.6
MATO VERDE,1,315,147,104,119,44,97.0,109.0,121.0,28,58.6
JENIPAPO DOS GOMES,1,230,143,42,120,18,94.0,106.0,117.0,23,77.3
CANTO GRANDE,1,180,107,46,0,0,70.0,79.0,88.0,107,69.9
ALDEIA,1,92,64,18,0,0,42.0,47.0,52.0,64,78.0
