secao_txt,fernando_2024,tema_2024,local,bairro,aptos_2024,comparecimento_2024,secao,eric,cleomar_tema,fernando_dep_2018,daniella_2018,bruna_conservador,bruna_forte,bruna_realista,grupo_nao_convertido_2022,margem_fernando_2024
SEÇÃO 01,187,78,ESCOLA MUN. MARIA SECRETÁRIA,MIL RÉIS,330,273,1,110,113,64,37,123.0,153.0,138.0,77,109
SEÇÃO 02,174,94,ESCOLA MUN. MARIA SECRETÁRIA,MIL RÉIS,333,276,2,95,95,123,68,114.0,143.0,129.0,79,80
SEÇÃO 03,191,78,ESCOLA MUN. MARIA SECRETÁRIA,MIL RÉIS,334,277,3,110,84,143,77,126.0,157.0,141.0,81,113
SEÇÃO 04,113,64,CÂMARA MUNICIPAL,CENTRO,215,185,4,139,118,0,0,74.0,93.0,83.0,0,49
SEÇÃO 05/104,239,113,CÂMARA MUNICIPAL,CENTRO,423,360,5,0,0,66,69,157.0,196.0,177.0,239,126
SEÇÃO 06,169,88,SEC. DE EDUCAÇÃO,CENTRO,320,266,6,97,105,58,57,111.0,139.0,125.0,72,81
SEÇÃO 07/8,179,99,COMPLEXO - E.T.I DR. RAFAEL,CENTRO,334,290,7,105,111,117,108,118.0,147.0,132.0,74,80
SEÇÃO 09/10,179,93,COMPLEXO - E.T.I DR. RAFAEL,CENTRO,330,284,9,108,93,0,0,118.0,147.0,132.0,71,86
SEÇÃO 11/12,189,85,COMPLEXO - E.T.I DR. RAFAEL,CENTRO,253,283,11,99,96,0,0,124.0,155.0,140.0,90,104
SEÇÃO 13/14,171,107,COMPLEXO - E.T.I DR. RAFAEL,CENTRO,332,283,13,98,104,0,0,112.0,140.0,126.0,73,64
SEÇÃO 15/16,205,117,C.E ISAAC MARTINS,CENTRO,385,328,15,134,114,106,86,135.0,168.0,151.0,71,88
SEÇÃO 17/18,194,110,C.E ISAAC MARTINS,CENTRO,376,312,17,108,117,118,95,128.0,159.0,143.0,86,84
SEÇÃO 19,107,57,C.E ISAAC MARTINS,CENTRO,193,167,19,78,55,0,0,70.0,88.0,79.0,29,50
SEÇÃO 20,153,80,C.E. ESTADO DO MARANHÃO (BANDEIRANTES),CENTRO,286,237,20,76,92,119,103,101.0,125.0,113.0,77,73
SEÇÃO 21,155,68,C.E. ESTADO DO MARANHÃO (BANDEIRANTES),CENTRO,289,233,21,87,68,89,51,102.0,127.0,115.0,68,87
SEÇÃO 22,154,76,C.E. ESTADO DO MARANHÃO (BANDEIRANTES),CENTRO,290,239,22,96,74,0,0,101.0,126.0,114.0,58,78
SEÇÃO 23,157,84,C.E. ESTADO DO MARANHÃO (BANDEIRANTES),CENTRO,285,252,23,85,87,88,65,103.0,129.0,116.0,72,73
SEÇÃO 24,157,80,C.E. ESTADO DO MARANHÃO (BANDEIRANTES),CENTRO,288,246,24,89,83,87,83,103.0,129.0,116.0,68,77
SEÇÃO 25/30,149,92,ESCOLA MUN. JOSÉ TEIXEIRA EM FRENTE A PREFEITURA,CENTRO,287,248,25,84,104,76,64,98.0,122.0,110.0,65,57
SEÇÃO 27/38,170,109,COMPLEXO - E.T.I DR. RAFAEL,CENTRO,328,285,27,87,116,51,39,112.0,139.0,126.0,83,61
SEÇÃO 31,175,93,SEC. DE EDUCAÇÃO,CENTRO,325,274,31,94,103,99,113,115.0,144.0,129.0,81,82
SEÇÃO 32,183,97,SEC. DE EDUCAÇÃO,CENTRO,322,288,32,96,101,93,122,120.0,150.0,135.0,87,86
SEÇÃO 33,149,102,C.E. JOSÉ PINHEIRO (CRECHE BRAUNIENE),VILA LUIZÃO,307,261,33,75,84,70,77,98.0,122.0,110.0,74,47
SEÇÃO 34,147,96,C.E. JOSÉ PINHEIRO (CRECHE BRAUNIENE),VILA LUIZÃO,311,248,34,71,90,71,66,97.0,121.0,109.0,76,51
SEÇÃO 35,156,104,C.E. JOSÉ PINHEIRO (CRECHE BRAUNIENE),VILA LUIZÃO,314,270,35,75,97,79,73,103.0,128.0,115.0,81,52
SEÇÃO 36/37,228,123,PREFEITURA MUNICIPAL,CENTRO,404,356,36,131,133,103,131,150.0,187.0,168.0,97,105
SEÇÃO 40/57,149,86,ESCOLA MUNICIPAL JOSÉ TEIXEIRA,CENTRO,285,241,40,96,88,0,0,98.0,122.0,110.0,53,63
SEÇÃO 47/128,174,60,E. M. ANASTÁCIO CHAVES SOUSA,SANTA ROSA,286,241,47,151,31,45,77,114.0,143.0,129.0,23,114
SEÇÃO 49,94,29,E. M. ANASTÁCIO CHAVES SOUSA,SANTA ROSA,140,132,49,103,28,33,77,62.0,77.0,69.0,0,65
SEÇÃO 50/51,150,179,E. M. JOSE MENESES DA COSTA,SÃO MIGUEL,371,338,50,94,141,69,135,99.0,123.0,111.0,56,-29
SEÇÃO 52,145,138,E. M. MARIA DA CONSOLAÇÃO BÍLIO CHAVES,BELÉM,343,299,52,128,82,26,95,95.0,119.0,107.0,17,7
SEÇÃO 53,163,115,E. M. MARIA DA CONSOLAÇÃO BÍLIO CHAVES,BELÉM,338,284,53,124,61,29,69,107.0,134.0,120.0,39,48
SEÇÃO 54/149,188,143,E. M. MARIA DA CONSOLAÇÃO BÍLIO CHAVES,BELÉM,399,343,54,140,61,26,87,124.0,154.0,139.0,48,45
SEÇÃO 55,141,132,E. M. MARIA DA CONSOLAÇÃO BÍLIO CHAVES,BELÉM,342,284,55,124,85,24,91,93.0,116.0,104.0,17,9
SEÇÃO 56,162,115,ESCOLA AMELIO FILHO PROX. A DELEGACIA,CENTRO,324,285,56,106,115,102,103,107.0,133.0,120.0,56,47
SEÇÃO 61,142,106,E. M. JOSÉ DOMINGOS ROSA,SÃO BENTO,274,253,61,154,32,90,61,93.0,116.0,105.0,0,36
SEÇÃO 63,133,97,E. M. JOSÉ DOMINGOS ROSA,SÃO BENTO,274,242,63,134,27,102,57,87.0,109.0,98.0,0,36
SEÇÃO 64,118,115,E. M. VEREADOR CARLOS AUGUSTO DA CUNHA,IPU-IRU,298,238,64,110,74,83,62,78.0,97.0,87.0,8,3
SEÇÃO 65,125,123,E. M. VEREADOR CARLOS AUGUSTO DA CUNHA,IPU-IRU,302,251,65,105,80,100,52,82.0,103.0,92.0,20,2
SEÇÃO 66,102,139,E. M. VEREADOR CARLOS AUGUSTO DA CUNHA,IPU-IRU,296,245,66,94,82,75,70,67.0,84.0,75.0,8,-37
SEÇÃO 67,120,109,E. M. VEREADOR CARLOS AUGUSTO DA CUNHA,IPU-IRU,295,236,67,126,57,91,52,79.0,98.0,89.0,0,11
SEÇÃO 68,124,114,E. M. VEREADOR CARLOS AUGUSTO DA CUNHA,IPU-IRU,296,243,68,112,62,94,52,82.0,102.0,92.0,12,10
SEÇÃO 69,207,45,E. M. ISABEL RAMOS,SÃO LOURENÇO,306,269,69,243,21,10,39,136.0,170.0,153.0,0,162
SEÇÃO 70,211,46,E. M. ISABEL RAMOS,SÃO LOURENÇO,311,269,70,219,21,21,66,139.0,173.0,156.0,0,165
SEÇÃO 71,139,113,E. M. LUIS COELHO,ARROZ,297,258,71,98,78,61,75,91.0,114.0,103.0,41,26
SEÇÃO 72,130,118,E. M. LUIS COELHO,ARROZ,298,254,72,145,144,71,72,86.0,107.0,96.0,0,12
SEÇÃO 73,166,84,E. M. RAIMUNDO ALEXANDRE COSTA,CREOLI DO BINA,301,255,73,105,90,67,39,109.0,136.0,123.0,61,82
SEÇÃO 74,169,89,E. M. RAIMUNDO ALEXANDRE COSTA,CREOLI DO BINA,299,262,74,100,100,92,80,111.0,139.0,125.0,69,80
SEÇÃO 75,176,93,E. M. RAIMUNDO ALEXANDRE COSTA,CREOLI DO BINA,300,271,75,115,92,100,73,116.0,144.0,130.0,61,83
SEÇÃO 76,171,89,E. M. RAIMUNDO ALEXANDRE COSTA,CREOLI DO BINA,303,263,76,103,90,92,79,112.0,140.0,126.0,68,82
SEÇÃO 77,144,77,E. M. LUIS COELHO,ARROZ,275,231,77,0,0,28,29,95.0,118.0,106.0,144,67
SEÇÃO 78,196,39,E. M.ISABEL RAMOS DA SILVA,SÃO LOURENÇO,298,247,78,210,17,23,74,129.0,161.0,145.0,0,157
SEÇÃO 80,142,106,C.E. JOSÉ PINHEIRO (CRECHE BRAUNIENE),VILA LUIZÃO,311,254,80,75,99,47,60,93.0,116.0,105.0,67,36
SEÇÃO 81,184,99,SEC. DE EDUCAÇÃO,CENTRO,324,286,81,89,101,107,107,121.0,151.0,136.0,95,85
SEÇÃO 82,162,117,E. M. VICENTE FERREIRA LIMA,NOVO MARAJÁ,318,288,82,115,95,45,54,107.0,133.0,120.0,47,45
SEÇÃO 83/123,196,87,E. M. MARIA DO SOCORRO ALENCAR SARAIVA,SERRA GRANDE,348,289,83,143,81,77,118,129.0,161.0,145.0,53,109
SEÇÃO 84,200,64,E. M. ONEIDE MILHOMEM DA CUNHA,SÃO JOAQUIM DOS MELOS,310,287,84,174,44,5,74,132.0,164.0,148.0,26,136
SEÇÃO 89,159,90,ESCOLA MUN. ZEZILA BORGES,TUNTUM DE CIMA,303,256,89,89,88,73,78,105.0,130.0,117.0,70,69
SEÇÃO 90,141,126,E. M. ANTÔNIO MOREIRA LUCENA,ARARA,337,275,90,81,93,50,59,93.0,116.0,104.0,60,15
SEÇÃO 91,177,65,E. M. RAIMUNDO JOAQUIM DA CUNHA,CIGANA,313,250,91,124,65,52,46,116.0,145.0,131.0,53,112
SEÇÃO 92/121,147,104,E. M. TOMAZ ARRUDA LEDA,MATO VERDE,315,259,92,119,44,65,45,97.0,121.0,109.0,28,43
SEÇÃO 94/130,167,99,E. M. JOANA MARIA DE JESUS,BREJO DO JOÃO,318,277,94,192,32,91,70,110.0,137.0,123.0,0,68
SEÇÃO 95,143,42,E. M. MARIA DO SOCORRO FERREIRA ANDRADE SILVA,JENIPAPO DOS GOMES,230,192,95,120,18,14,90,94.0,117.0,106.0,23,101
SEÇÃO 96,146,115,C.E. JOSÉ PINHEIRO (CRECHE BRAUNIENE),VILA LUIZÃO,314,274,96,95,81,76,66,96.0,120.0,108.0,51,31
SEÇÃO 97,170,103,ESCOLA AMELIO FILHO PROX. A DELEGACIA,CENTRO,321,279,97,102,104,0,0,112.0,139.0,126.0,68,67
SEÇÃO 99,161,101,ESCOLA MUN. TEREZINHA ALMEIDA,VILA BENTO,339,273,99,82,86,61,39,106.0,132.0,119.0,79,60
SEÇÃO 100,164,95,ESCOLA MUN. PROF. LUCAS BRITO,CAMPO VELHO,319,265,100,124,94,73,54,108.0,134.0,121.0,40,69
SEÇÃO 101,176,71,E. M.RAIMUNDO JOAQUIM DA CUNHA,CIGANA,304,253,101,107,68,60,74,116.0,144.0,130.0,69,105
SEÇÃO 102,173,74,ESCOLA MUN. ZEZILA BORGES,TUNTUM DE CIMA,301,251,102,104,76,78,61,114.0,142.0,128.0,69,99
SEÇÃO 106,134,97,E. M. VEREADOR CARLOS AUGUSTO DA CUNHA,IPU-IRU,297,237,106,106,75,95,54,88.0,110.0,99.0,28,37
SEÇÃO 107,156,95,COLÉGIO MILITAR,ASTOLFO SEABRA,308,261,107,122,143,66,70,103.0,128.0,115.0,34,61
SEÇÃO 109,170,80,ESCOLA MUN. MARIA SECRETÁRIA,MIL RÉIS,336,264,109,91,77,148,40,112.0,139.0,126.0,79,90
SEÇÃO 110,185,53,E. M. ISABEL RAMOS DA SILVA,SÃO LOURENÇO,296,247,110,192,25,25,89,122.0,152.0,137.0,0,132
SEÇÃO 111,172,88,ESCOLA MUN. PROF. LUCAS BRITO,CAMPO VELHO,321,270,111,125,88,115,64,113.0,141.0,127.0,47,84
SEÇÃO 112,158,89,ESCOLA MUN. TEREZINHA ALMEIDA,VILA BENTO,344,260,112,98,82,82,45,104.0,130.0,117.0,60,69
SEÇÃO 113,184,67,E. M. ODEIDE MILHOMEM DA CUNHA,SÃO JOAQUIM DOS MELOS,312,266,113,163,34,22,96,121.0,151.0,136.0,21,117
SEÇÃO 114,134,104,COLÉGIO MILITAR,ASTOLFO SEABRA,315,250,114,93,104,117,73,88.0,110.0,99.0,41,30
SEÇÃO 115,149,95,E. M. VICENE FERREIRA LIMA,NOVO MARAJÁ,316,255,115,92,77,49,73,98.0,122.0,110.0,57,54
SEÇÃO 116,134,119,E. M. ANTÔNIO MOREIRA LUCENA,ARARA,338,261,116,71,100,68,72,88.0,110.0,99.0,63,15
SEÇÃO 117,150,125,E. M. MARIA DA CONSOLAÇÃO BÍLIO CHAVES,BELÉM,340,278,117,134,56,39,76,99.0,123.0,111.0,16,25
SEÇÃO 118,150,65,E. M. RAIMUNDO JOAQUIM DA CUNHA,CIGANA,304,228,118,90,46,56,82,99.0,123.0,111.0,60,85
SEÇÃO 119,142,101,COLÉGIO MILITAR,ASTOLFO SEABRA,309,254,119,85,108,114,65,93.0,116.0,105.0,57,41
SEÇÃO 120,167,81,ESCOLA MUN. ZEZILA BORGES,TUNTUM DE CIMA,301,252,120,94,70,77,68,110.0,137.0,123.0,73,86
SEÇÃO 122,138,68,E. M. JOSÉ DOMINGOS ROSA,SÃO BENTO,271,215,122,138,27,85,52,91.0,113.0,102.0,0,70
SEÇÃO 131,166,100,ESCOLA MUN. TEREZINHA ALMEIDA,VILA BENTO,344,272,131,98,74,88,67,109.0,136.0,123.0,68,66
SEÇÃO 132,170,77,ESCOLA MUN. PROF. LUCAS BRITO,CAMPO VELHO,326,254,132,115,82,119,76,112.0,139.0,126.0,55,93
SEÇÃO 136,165,60,ESCOLA MUN. ZEZILA BORGES,TUNTUM DE CIMA,298,235,136,82,82,0,0,109.0,135.0,122.0,83,105
SEÇÃO 138,130,120,COLÉGIO MILITAR,ASTOLFO SEABRA,319,272,138,97,126,107,97,86.0,107.0,96.0,33,10
SEÇÃO 140,162,49,E. M. RAIMUNDO JOAQUIM DA CUNHA,CIGANA,300,215,140,99,47,30,78,107.0,133.0,120.0,63,113
SEÇÃO 143/141,107,46,E. M. SENHORA CARVALHO DOS SANTOS,CANTO GRANDE,180,160,143,0,0,0,0,70.0,88.0,79.0,107,61
SEÇÃO 144,64,18,E. M. BIO NAZIOSENO,ALDEIA,92,83,144,0,0,0,0,42.0,52.0,47.0,64,46
SEÇÃO 145,145,110,COLÉGIO MILITAR,ASTOLFO SEABRA,307,258,145,0,0,0,0,95.0,119.0,107.0,145,35
SEÇÃO 146,190,41,E. M. ISABEL RAMOS DA SILVA,SÃO LOURENÇO,275,236,146,0,0,0,0,125.0,156.0,140.0,190,149
SEÇÃO 148,79,35,ESCOLA MUN. PROF. LUCAS BRITO,CAMPO VELHO,131,115,148,0,0,0,0,52.0,65.0,58.0,79,44
